Time,HR,PTT,DBP,SBP
0.0,,,,
0.008,,,,
0.016,,,,
0.024,,,,
0.032,,,,
0.04,,,,
0.048,,,,
0.056,,,,
0.064,,,,
0.072,,,,
0.08,,,,
0.088,,,,
0.096,,,,
0.104,,,,
0.112,,,,
0.12,,,,
0.128,,,,
0.136,,,,
0.144,,,,
0.152,,,,
0.16,,0.616,,
0.168,,,,
0.176,,,,
0.184,,,,
0.192,,,,
0.2,,,,
0.208,,,,
0.216,,,,
0.224,,,,
0.232,,,,
0.24,,,,
0.248,,,,
0.256,,,,
0.264,,,,
0.272,,,,
0.28,,,,
0.288,,,,
0.296,,,,
0.304,,,,
0.312,,,,
0.32,,,,
0.328,,,,
0.336,,,,
0.344,,,,
0.352,,,,
0.36,,,,
0.368,,,,
0.376,,,,
0.384,,,,
0.392,,,,
0.4,,,62.814,
0.408,,,,
0.416,,,,
0.424,,,,
0.432,,,,
0.44,,,,
0.448,,,,
0.456,,,,
0.464,,,,
0.472,,,,
0.48,,,,
0.488,,,,
0.496,,,,
0.504,,,,
0.512,,,,
0.52,,,,
0.528,,,,109.994
0.536,,,,
0.544,,,,
0.552,,,,
0.56,,,,
0.568,,,,
0.576,,,,
0.584,,,,
0.592,,,,
0.6,,,,
0.608,,,,
0.616,,,,
0.624,,,,
0.632,,,,
0.64,,,,
0.648,,,,
0.656,,,,
0.664,,,,
0.672,,,,
0.68,,,,
0.688,,,,
0.696,,,,
0.704,,,,
0.712,,,,
0.72,,,,
0.728,,,,
0.736,,,,
0.744,,,,
0.752,,,,
0.76,,,,
0.768,,,,
0.776,,,,
0.784,,,,
0.792,,,,
0.8,,,,
0.808,92.5925925925926,0.6079999999999999,,
0.816,,,,
0.824,,,,
0.832,,,,
0.84,,,,
0.848,,,,
0.856,,,,
0.864,,,,
0.872,,,,
0.88,,,,
0.888,,,,
0.896,,,,
0.904,,,,
0.912,,,,
0.92,,,,
0.928,,,,
0.936,,,,
0.944,,,,
0.952,,,,
0.96,,,,
0.968,,,,
0.976,,,,
0.984,,,,
0.992,,,,
1.0,,,,
1.008,,,,
1.016,,,,
1.024,,,,
1.032,,,,
1.04,,,,
1.048,,,64.136,
1.056,,,,
1.064,,,,
1.072,,,,
1.08,,,,
1.088,,,,
1.096,,,,
1.104,,,,
1.112,,,,
1.12,,,,
1.128,,,,
1.136,,,,
1.144,,,,
1.152,,,,
1.16,,,,
1.168,,,,110.687
1.176,,,,
1.184,,,,
1.192,,,,
1.2,,,,
1.208,,,,
1.216,,,,
1.224,,,,
1.232,,,,
1.24,,,,
1.248,,,,
1.256,,,,
1.264,,,,
1.272,,,,
1.28,,,,
1.288,,,,
1.296,,,,
1.304,,,,
1.312,,,,
1.32,,,,
1.328,,,,
1.336,,,,
1.344,,,,
1.352,,,,
1.36,,,,
1.368,,,,
1.376,,,,
1.384,,,,
1.392,,,,
1.4,,,,
1.408,,,,
1.416,,,,
1.424,,,,
1.432,,,,
1.44,,,,
1.448,,,,
1.456,92.59259259259261,0.6240000000000001,,
1.464,,,,
1.472,,,,
1.48,,,,
1.488,,,,
1.496,,,,
1.504,,,,
1.512,,,,
1.52,,,,
1.528,,,,
1.536,,,,
1.544,,,,
1.552,,,,
1.56,,,,
1.568,,,,
1.576,,,,
1.584,,,,
1.592,,,,
1.6,,,,
1.608,,,,
1.616,,,,
1.624,,,,
1.632,,,,
1.64,,,,
1.648,,,,
1.656,,,,
1.664,,,,
1.672,,,,
1.68,,,,
1.688,,,,
1.696,,,,
1.704,,,62.186,
1.712,,,,
1.72,,,,
1.728,,,,
1.736,,,,
1.744,,,,
1.752,,,,
1.76,,,,
1.768,,,,
1.776,,,,
1.784,,,,
1.792,,,,
1.8,,,,
1.808,,,,
1.816,,,,
1.824,,,,106.721
1.832,,,,
1.84,,,,
1.848,,,,
1.856,,,,
1.864,,,,
1.872,,,,
1.88,,,,
1.888,,,,
1.896,,,,
1.904,,,,
1.912,,,,
1.92,,,,
1.928,,,,
1.936,,,,
1.944,,,,
1.952,,,,
1.96,,,,
1.968,,,,
1.976,,,,
1.984,,,,
1.992,,,,
2.0,,,,
2.008,,,,
2.016,,,,
2.024,,,,
2.032,,,,
2.04,,,,
2.048,,,,
2.056,,,,
2.064,,,,
2.072,,,,
2.08,,,,
2.088,,,,
2.096,,,,
2.104,92.59259259259257,0.6240000000000001,,
2.112,,,,
2.12,,,,
2.128,,,,
2.136,,,,
2.144,,,,
2.152,,,,
2.16,,,,
2.168,,,,
2.176,,,,
2.184,,,,
2.192,,,,
2.2,,,,
2.208,,,,
2.216,,,,
2.224,,,,
2.232,,,,
2.24,,,,
2.248,,,,
2.256,,,,
2.264,,,,
2.272,,,,
2.28,,,,
2.288,,,,
2.296,,,,
2.304,,,,
2.312,,,,
2.32,,,,
2.328,,,,
2.336,,,,
2.344,,,,
2.352,,,,
2.36,,,61.348,
2.368,,,,
2.376,,,,
2.384,,,,
2.392,,,,
2.4,,,,
2.408,,,,
2.416,,,,
2.424,,,,
2.432,,,,
2.44,,,,
2.448,,,,
2.456,,,,
2.464,,,,
2.472,,,,
2.48,,,,101.499
2.488,,,,
2.496,,,,
2.504,,,,
2.512,,,,
2.52,,,,
2.528,,,,
2.536,,,,
2.544,,,,
2.552,,,,
2.56,,,,
2.568,,,,
2.576,,,,
2.584,,,,
2.592,,,,
2.6,,,,
2.608,,,,
2.616,,,,
2.624,,,,
2.632,,,,
2.64,,,,
2.648,,,,
2.656,,,,
2.664,,,,
2.672,,,,
2.68,,,,
2.688,,,,
2.696,,,,
2.704,,,,
2.712,,,,
2.72,,,,
2.728,,,,
2.736,,,,
2.744,,,,
2.752,92.59259259259264,0.6240000000000001,,
2.76,,,,
2.768,,,,
2.776,,,,
2.784,,,,
2.792,,,,
2.8,,,,
2.808,,,,
2.816,,,,
2.824,,,,
2.832,,,,
2.84,,,,
2.848,,,,
2.856,,,,
2.864,,,,
2.872,,,,
2.88,,,,
2.888,,,,
2.896,,,,
2.904,,,,
2.912,,,,
2.92,,,,
2.928,,,,
2.936,,,,
2.944,,,,
2.952,,,,
2.96,,,,
2.968,,,,
2.976,,,,
2.984,,,,
2.992,,,,
3.0,,,61.976,
3.008,,,,
3.016,,,,
3.024,,,,
3.032,,,,
3.04,,,,
3.048,,,,
3.056,,,,
3.064,,,,
3.072,,,,
3.08,,,,
3.088,,,,
3.096,,,,
3.104,,,,
3.112,,,,
3.12,,,,107.56
3.128,,,,
3.136,,,,
3.144,,,,
3.152,,,,
3.16,,,,
3.168,,,,
3.176,,,,
3.184,,,,
3.192,,,,
3.2,,,,
3.208,,,,
3.216,,,,
3.224,,,,
3.232,,,,
3.24,,,,
3.248,,,,
3.256,,,,
3.264,,,,
3.272,,,,
3.28,,,,
3.288,,,,
3.296,,,,
3.304,,,,
3.312,,,,
3.32,,,,
3.328,,,,
3.336,,,,
3.344,,,,
3.352,,,,
3.36,,,,
3.368,,,,
3.376,,,,
3.384,,,,
3.392,93.74999999999999,0.6080000000000001,,
3.4,,,,
3.408,,,,
3.416,,,,
3.424,,,,
3.432,,,,
3.44,,,,
3.448,,,,
3.456,,,,
3.464,,,,
3.472,,,,
3.48,,,,
3.488,,,,
3.496,,,,
3.504,,,,
3.512,,,,
3.52,,,,
3.528,,,,
3.536,,,,
3.544,,,,
3.552,,,,
3.56,,,,
3.568,,,,
3.576,,,,
3.584,,,,
3.592,,,,
3.6,,,,
3.608,,,,
3.616,,,,
3.624,,,,
3.632,,,63.54,
3.64,,,,
3.648,,,,
3.656,,,,
3.664,,,,
3.672,,,,
3.68,,,,
3.688,,,,
3.696,,,,
3.704,,,,
3.712,,,,
3.72,,,,
3.728,,,,
3.736,,,,
3.744,,,,
3.752,,,,
3.76,,,,111.17
3.768,,,,
3.776,,,,
3.784,,,,
3.792,,,,
3.8,,,,
3.808,,,,
3.816,,,,
3.824,,,,
3.832,,,,
3.84,,,,
3.848,,,,
3.856,,,,
3.864,,,,
3.872,,,,
3.88,,,,
3.888,,,,
3.896,,,,
3.904,,,,
3.912,,,,
3.92,,,,
3.928,,,,
3.936,,,,
3.944,,,,
3.952,,,,
3.96,,,,
3.968,,,,
3.976,,,,
3.984,,,,
3.992,,,,
4.0,,,,
4.008,,,,
4.016,,,,
4.024,,,,
4.032,93.74999999999999,0.6159999999999997,,
4.04,,,,
4.048,,,,
4.056,,,,
4.064,,,,
4.072,,,,
4.08,,,,
4.088,,,,
4.096,,,,
4.104,,,,
4.112,,,,
4.12,,,,
4.128,,,,
4.136,,,,
4.144,,,,
4.152,,,,
4.16,,,,
4.168,,,,
4.176,,,,
4.184,,,,
4.192,,,,
4.2,,,,
4.208,,,,
4.216,,,,
4.224,,,,
4.232,,,,
4.24,,,,
4.248,,,,
4.256,,,,
4.264,,,,
4.272,,,,
4.28,,,63.749,
4.288,,,,
4.296,,,,
4.304,,,,
4.312,,,,
4.32,,,,
4.328,,,,
4.336,,,,
4.344,,,,
4.352,,,,
4.36,,,,
4.368,,,,
4.376,,,,
4.384,,,,
4.392,,,,
4.4,,,,108.93
4.408,,,,
4.416,,,,
4.424,,,,
4.432,,,,
4.44,,,,
4.448,,,,
4.456,,,,
4.464,,,,
4.472,,,,
4.48,,,,
4.488,,,,
4.496,,,,
4.504,,,,
4.512,,,,
4.52,,,,
4.528,,,,
4.536,,,,
4.544,,,,
4.552,,,,
4.56,,,,
4.568,,,,
4.576,,,,
4.584,,,,
4.592,,,,
4.6,,,,
4.608,,,,
4.616,,,,
4.624,,,,
4.632,,,,
4.64,,,,
4.648,,,,
4.656,,,,
4.664,,,,
4.672,93.75000000000004,0.6240000000000006,,
4.68,,,,
4.688,,,,
4.696,,,,
4.704,,,,
4.712,,,,
4.72,,,,
4.728,,,,
4.736,,,,
4.744,,,,
4.752,,,,
4.76,,,,
4.768,,,,
4.776,,,,
4.784,,,,
4.792,,,,
4.8,,,,
4.808,,,,
4.816,,,,
4.824,,,,
4.832,,,,
4.84,,,,
4.848,,,,
4.856,,,,
4.864,,,,
4.872,,,,
4.88,,,,
4.888,,,,
4.896,,,,
4.904,,,,
4.912,,,,
4.92,,,,
4.928,,,62.282,
4.936,,,,
4.944,,,,
4.952,,,,
4.96,,,,
4.968,,,,
4.976,,,,
4.984,,,,
4.992,,,,
5.0,,,,
5.008,,,,
5.016,,,,
5.024,,,,
5.032,,,,
5.04,,,,
5.048,,,,104.384
5.056,,,,
5.064,,,,
5.072,,,,
5.08,,,,
5.088,,,,
5.096,,,,
5.104,,,,
5.112,,,,
5.12,,,,
5.128,,,,
5.136,,,,
5.144,,,,
5.152,,,,
5.16,,,,
5.168,,,,
5.176,,,,
5.184,,,,
5.192,,,,
5.2,,,,
5.208,,,,
5.216,,,,
5.224,,,,
5.232,,,,
5.24,,,,
5.248,,,,
5.256,,,,
5.264,,,,
5.272,,,,
5.28,,,,
5.288,,,,
5.296,,,,
5.304,,,,
5.312,,,,
5.32,92.59259259259251,0.6159999999999997,,
5.328,,,,
5.336,,,,
5.344,,,,
5.352,,,,
5.36,,,,
5.368,,,,
5.376,,,,
5.384,,,,
5.392,,,,
5.4,,,,
5.408,,,,
5.416,,,,
5.424,,,,
5.432,,,,
5.44,,,,
5.448,,,,
5.456,,,,
5.464,,,,
5.472,,,,
5.48,,,,
5.488,,,,
5.496,,,,
5.504,,,,
5.512,,,,
5.52,,,,
5.528,,,,
5.536,,,,
5.544,,,,
5.552,,,,
5.56,,,63.153,
5.568,,,,
5.576,,,,
5.584,,,,
5.592,,,,
5.6,,,,
5.608,,,,
5.616,,,,
5.624,,,,
5.632,,,,
5.64,,,,
5.648,,,,
5.656,,,,
5.664,,,,
5.672,,,,
5.68,,,,
5.688,,,,108.285
5.696,,,,
5.704,,,,
5.712,,,,
5.72,,,,
5.728,,,,
5.736,,,,
5.744,,,,
5.752,,,,
5.76,,,,
5.768,,,,
5.776,,,,
5.784,,,,
5.792,,,,
5.8,,,,
5.808,,,,
5.816,,,,
5.824,,,,
5.832,,,,
5.84,,,,
5.848,,,,
5.856,,,,
5.864,,,,
5.872,,,,
5.88,,,,
5.888,,,,
5.896,,,,
5.904,,,,
5.912,,,,
5.92,,,,
5.928,,,,
5.936,,,,
5.944,,,,
5.952,,,,
5.96,93.75000000000004,0.6159999999999997,,
5.968,,,,
5.976,,,,
5.984,,,,
5.992,,,,
6.0,,,,
6.008,,,,
6.016,,,,
6.024,,,,
6.032,,,,
6.04,,,,
6.048,,,,
6.056,,,,
6.064,,,,
6.072,,,,
6.08,,,,
6.088,,,,
6.096,,,,
6.104,,,,
6.112,,,,
6.12,,,,
6.128,,,,
6.136,,,,
6.144,,,,
6.152,,,,
6.16,,,,
6.168,,,,
6.176,,,,
6.184,,,,
6.192,,,,
6.2,,,63.846,
6.208,,,,
6.216,,,,
6.224,,,,
6.232,,,,
6.24,,,,
6.248,,,,
6.256,,,,
6.264,,,,
6.272,,,,
6.28,,,,
6.288,,,,
6.296,,,,
6.304,,,,
6.312,,,,
6.32,,,,111.944
6.328,,,,
6.336,,,,
6.344,,,,
6.352,,,,
6.36,,,,
6.368,,,,
6.376,,,,
6.384,,,,
6.392,,,,
6.4,,,,
6.408,,,,
6.416,,,,
6.424,,,,
6.432,,,,
6.44,,,,
6.448,,,,
6.456,,,,
6.464,,,,
6.472,,,,
6.48,,,,
6.488,,,,
6.496,,,,
6.504,,,,
6.512,,,,
6.52,,,,
6.528,,,,
6.536,,,,
6.544,,,,
6.552,,,,
6.56,,,,
6.568,,,,
6.576,,,,
6.584,,,,
6.592,94.93670886075954,0.6240000000000006,,
6.6,,,,
6.608,,,,
6.616,,,,
6.624,,,,
6.632,,,,
6.64,,,,
6.648,,,,
6.656,,,,
6.664,,,,
6.672,,,,
6.68,,,,
6.688,,,,
6.696,,,,
6.704,,,,
6.712,,,,
6.72,,,,
6.728,,,,
6.736,,,,
6.744,,,,
6.752,,,,
6.76,,,,
6.768,,,,
6.776,,,,
6.784,,,,
6.792,,,,
6.8,,,,
6.808,,,,
6.816,,,,
6.824,,,,
6.832,,,,
6.84,,,64.571,
6.848,,,,
6.856,,,,
6.864,,,,
6.872,,,,
6.88,,,,
6.888,,,,
6.896,,,,
6.904,,,,
6.912,,,,
6.92,,,,
6.928,,,,
6.936,,,,
6.944,,,,
6.952,,,,
6.96,,,,110.187
6.968,,,,
6.976,,,,
6.984,,,,
6.992,,,,
7.0,,,,
7.008,,,,
7.016,,,,
7.024,,,,
7.032,,,,
7.04,,,,
7.048,,,,
7.056,,,,
7.064,,,,
7.072,,,,
7.08,,,,
7.088,,,,
7.096,,,,
7.104,,,,
7.112,,,,
7.12,,,,
7.128,,,,
7.136,,,,
7.144,,,,
7.152,,,,
7.16,,,,
7.168,,,,
7.176,,,,
7.184,,,,
7.192,,,,
7.2,,,,
7.208,,,,
7.216,,,,
7.224,,,,
7.232,,,,
7.24,92.59259259259251,0.6239999999999997,,
7.248,,,,
7.256,,,,
7.264,,,,
7.272,,,,
7.28,,,,
7.288,,,,
7.296,,,,
7.304,,,,
7.312,,,,
7.32,,,,
7.328,,,,
7.336,,,,
7.344,,,,
7.352,,,,
7.36,,,,
7.368,,,,
7.376,,,,
7.384,,,,
7.392,,,,
7.4,,,,
7.408,,,,
7.416,,,,
7.424,,,,
7.432,,,,
7.44,,,,
7.448,,,,
7.456,,,,
7.464,,,,
7.472,,,,
7.48,,,,
7.488,,,62.718,
7.496,,,,
7.504,,,,
7.512,,,,
7.52,,,,
7.528,,,,
7.536,,,,
7.544,,,,
7.552,,,,
7.56,,,,
7.568,,,,
7.576,,,,
7.584,,,,
7.592,,,,
7.6,,,,
7.608,,,,105.255
7.616,,,,
7.624,,,,
7.632,,,,
7.64,,,,
7.648,,,,
7.656,,,,
7.664,,,,
7.672,,,,
7.68,,,,
7.688,,,,
7.696,,,,
7.704,,,,
7.712,,,,
7.72,,,,
7.728,,,,
7.736,,,,
7.744,,,,
7.752,,,,
7.76,,,,
7.768,,,,
7.776,,,,
7.784,,,,
7.792,,,,
7.8,,,,
7.808,,,,
7.816,,,,
7.824,,,,
7.832,,,,
7.84,,,,
7.848,,,,
7.856,,,,
7.864,,,,
7.872,,,,
7.88,93.75000000000004,0.6239999999999997,,
7.888,,,,
7.896,,,,
7.904,,,,
7.912,,,,
7.92,,,,
7.928,,,,
7.936,,,,
7.944,,,,
7.952,,,,
7.96,,,,
7.968,,,,
7.976,,,,
7.984,,,,
7.992,,,,
8.0,,,,
8.008,,,,
8.016,,,,
8.024,,,,
8.032,,,,
8.04,,,,
8.048,,,,
8.056,,,,
8.064,,,,
8.072,,,,
8.08,,,,
8.088,,,,
8.096,,,,
8.104,,,,
8.112,,,,
8.12,,,63.298,
8.128,,,,
8.136,,,,
8.144,,,,
8.152,,,,
8.16,,,,
8.168,,,,
8.176,,,,
8.184,,,,
8.192,,,,
8.2,,,,
8.208,,,,
8.216,,,,
8.224,,,,
8.232,,,,
8.24,,,,
8.248,,,,107.366
8.256,,,,
8.264,,,,
8.272,,,,
8.28,,,,
8.288,,,,
8.296,,,,
8.304,,,,
8.312,,,,
8.32,,,,
8.328,,,,
8.336,,,,
8.344,,,,
8.352,,,,
8.36,,,,
8.368,,,,
8.376,,,,
8.384,,,,
8.392,,,,
8.4,,,,
8.408,,,,
8.416,,,,
8.424,,,,
8.432,,,,
8.44,,,,
8.448,,,,
8.456,,,,
8.464,,,,
8.472,,,,
8.48,,,,
8.488,,,,
8.496,,,,
8.504,,,,
8.512,,,,
8.52,93.75000000000004,0.6080000000000005,,
8.528,,,,
8.536,,,,
8.544,,,,
8.552,,,,
8.56,,,,
8.568,,,,
8.576,,,,
8.584,,,,
8.592,,,,
8.6,,,,
8.608,,,,
8.616,,,,
8.624,,,,
8.632,,,,
8.64,,,,
8.648,,,,
8.656,,,,
8.664,,,,
8.672,,,,
8.68,,,,
8.688,,,,
8.696,,,,
8.704,,,,
8.712,,,,
8.72,,,,
8.728,,,,
8.736,,,,
8.744,,,,
8.752,,,,
8.76,,,66.473,
8.768,,,,
8.776,,,,
8.784,,,,
8.792,,,,
8.8,,,,
8.808,,,,
8.816,,,,
8.824,,,,
8.832,,,,
8.84,,,,
8.848,,,,
8.856,,,,
8.864,,,,
8.872,,,,111.944
8.88,,,,
8.888,,,,
8.896,,,,
8.904,,,,
8.912,,,,
8.92,,,,
8.928,,,,
8.936,,,,
8.944,,,,
8.952,,,,
8.96,,,,
8.968,,,,
8.976,,,,
8.984,,,,
8.992,,,,
9.0,,,,
9.008,,,,
9.016,,,,
9.024,,,,
9.032,,,,
9.04,,,,
9.048,,,,
9.056,,,,
9.064,,,,
9.072,,,,
9.08,,,,
9.088,,,,
9.096,,,,
9.104,,,,
9.112,,,,
9.12,,,,
9.128,,,,
9.136,,,,
9.144,,,,
9.152,94.93670886075954,0.6240000000000006,,
9.16,,,,
9.168,,,,
9.176,,,,
9.184,,,,
9.192,,,,
9.2,,,,
9.208,,,,
9.216,,,,
9.224,,,,
9.232,,,,
9.24,,,,
9.248,,,,
9.256,,,,
9.264,,,,
9.272,,,,
9.28,,,,
9.288,,,,
9.296,,,,
9.304,,,,
9.312,,,,
9.32,,,,
9.328,,,,
9.336,,,,
9.344,,,,
9.352,,,,
9.36,,,,
9.368,,,,
9.376,,,,
9.384,,,,
9.392,,,,
9.4,,,63.491,
9.408,,,,
9.416,,,,
9.424,,,,
9.432,,,,
9.44,,,,
9.448,,,,
9.456,,,,
9.464,,,,
9.472,,,,
9.48,,,,
9.488,,,,
9.496,,,,
9.504,,,,
9.512,,,,
9.52,,,,109.752
9.528,,,,
9.536,,,,
9.544,,,,
9.552,,,,
9.56,,,,
9.568,,,,
9.576,,,,
9.584,,,,
9.592,,,,
9.6,,,,
9.608,,,,
9.616,,,,
9.624,,,,
9.632,,,,
9.64,,,,
9.648,,,,
9.656,,,,
9.664,,,,
9.672,,,,
9.68,,,,
9.688,,,,
9.696,,,,
9.704,,,,
9.712,,,,
9.72,,,,
9.728,,,,
9.736,,,,
9.744,,,,
9.752,,,,
9.76,,,,
9.768,,,,
9.776,,,,
9.784,,,,
9.792,93.74999999999991,0.6240000000000006,,
9.8,,,,
9.808,,,,
9.816,,,,
9.824,,,,
9.832,,,,
9.84,,,,
9.848,,,,
9.856,,,,
9.864,,,,
9.872,,,,
9.88,,,,
9.888,,,,
9.896,,,,
9.904,,,,
9.912,,,,
9.92,,,,
9.928,,,,
9.936,,,,
9.944,,,,
9.952,,,,
9.96,,,,
9.968,,,,
9.976,,,,
9.984,,,,
9.992,,,,
10.0,,,,
10.008,,,,
10.016,,,,
10.024,,,,
10.032,,,,
10.04,,,62.476,
10.048,,,,
10.056,,,,
10.064,,,,
10.072,,,,
10.08,,,,
10.088,,,,
10.096,,,,
10.104,,,,
10.112,,,,
10.12,,,,
10.128,,,,
10.136,,,,
10.144,,,,
10.152,,,,
10.16,,,,105.593
10.168,,,,
10.176,,,,
10.184,,,,
10.192,,,,
10.2,,,,
10.208,,,,
10.216,,,,
10.224,,,,
10.232,,,,
10.24,,,,
10.248,,,,
10.256,,,,
10.264,,,,
10.272,,,,
10.28,,,,
10.288,,,,
10.296,,,,
10.304,,,,
10.312,,,,
10.32,,,,
10.328,,,,
10.336,,,,
10.344,,,,
10.352,,,,
10.36,,,,
10.368,,,,
10.376,,,,
10.384,,,,
10.392,,,,
10.4,,,,
10.408,,,,
10.416,,,,
10.424,,,,
10.432,93.74999999999991,0.6319999999999997,,
10.44,,,,
10.448,,,,
10.456,,,,
10.464,,,,
10.472,,,,
10.48,,,,
10.488,,,,
10.496,,,,
10.504,,,,
10.512,,,,
10.52,,,,
10.528,,,,
10.536,,,,
10.544,,,,
10.552,,,,
10.56,,,,
10.568,,,,
10.576,,,,
10.584,,,,
10.592,,,,
10.6,,,,
10.608,,,,
10.616,,,,
10.624,,,,
10.632,,,,
10.64,,,,
10.648,,,,
10.656,,,,
10.664,,,,
10.672,,,,
10.68,,,,
10.688,,,60.219,
10.696,,,,
10.704,,,,
10.712,,,,
10.72,,,,
10.728,,,,
10.736,,,,
10.744,,,,
10.752,,,,
10.76,,,,
10.768,,,,
10.776,,,,
10.784,,,,
10.792,,,,
10.8,,,,
10.808,,,,101.064
10.816,,,,
10.824,,,,
10.832,,,,
10.84,,,,
10.848,,,,
10.856,,,,
10.864,,,,
10.872,,,,
10.88,,,,
10.888,,,,
10.896,,,,
10.904,,,,
10.912,,,,
10.92,,,,
10.928,,,,
10.936,,,,
10.944,,,,
10.952,,,,
10.96,,,,
10.968,,,,
10.976,,,,
10.984,,,,
10.992,,,,
11.0,,,,
11.008,,,,
11.016,,,,
11.024,,,,
11.032,,,,
11.04,,,,
11.048,,,,
11.056,,,,
11.064,,,,
11.072,93.75000000000017,0.6240000000000006,,
11.08,,,,
11.088,,,,
11.096,,,,
11.104,,,,
11.112,,,,
11.12,,,,
11.128,,,,
11.136,,,,
11.144,,,,
11.152,,,,
11.16,,,,
11.168,,,,
11.176,,,,
11.184,,,,
11.192,,,,
11.2,,,,
11.208,,,,
11.216,,,,
11.224,,,,
11.232,,,,
11.24,,,,
11.248,,,,
11.256,,,,
11.264,,,,
11.272,,,,
11.28,,,,
11.288,,,,
11.296,,,,
11.304,,,,
11.312,,,,
11.32,,,59.929,
11.328,,,,
11.336,,,,
11.344,,,,
11.352,,,,
11.36,,,,
11.368,,,,
11.376,,,,
11.384,,,,
11.392,,,,
11.4,,,,
11.408,,,,
11.416,,,,
11.424,,,,
11.432,,,,
11.44,,,,100.032
11.448,,,,
11.456,,,,
11.464,,,,
11.472,,,,
11.48,,,,
11.488,,,,
11.496,,,,
11.504,,,,
11.512,,,,
11.52,,,,
11.528,,,,
11.536,,,,
11.544,,,,
11.552,,,,
11.56,,,,
11.568,,,,
11.576,,,,
11.584,,,,
11.592,,,,
11.6,,,,
11.608,,,,
11.616,,,,
11.624,,,,
11.632,,,,
11.64,,,,
11.648,,,,
11.656,,,,
11.664,,,,
11.672,,,,
11.68,,,,
11.688,,,,
11.696,96.15384615384608,,,
11.704,,,,
11.712,,,,
11.72,,,,
11.728,,,,
11.736,,,,
11.744,,,,
11.752,,,,
11.76,,,,
11.768,,,,
11.776,,,,
11.784,,,,
11.792,,,,
11.8,,,,
11.808,,,,
11.816,,,,
11.824,,,,
11.832,,,,
11.84,,,,
11.848,,,,
11.856,,,,
11.864,,,,
11.872,,,,
11.88,,,,
11.888,,,,
11.896,,,,
11.904,,,,
11.912,,,,
11.92,,,,
11.928,,,,
11.936,,,,
11.944,,,61.734,
11.952,,,,
11.96,,,,
11.968,,,,
11.976,,,,
11.984,,,,
11.992,,,,
12.0,,,,
12.008,,,,
12.016,,,,
12.024,,,,
12.032,,,,
12.04,,,,
12.048,,,,
12.056,,,,
12.064,,,,107.366
12.072,,,,
12.08,,,,
12.088,,,,
12.096,,,,
12.104,,,,
12.112,,,,
12.12,,,,
12.128,,,,
12.136,,,,
12.144,,,,
12.152,,,,
12.16,,,,
12.168,,,,
12.176,,,,
12.184,,,,
12.192,,,,
12.2,,,,
12.208,,,,
12.216,,,,
12.224,,,,
12.232,,,,
12.24,,,,
12.248,,,,
12.256,,,,
12.264,,,,
12.272,,,,
12.28,,,,
12.288,,,,
12.296,,,,
12.304,,,,
12.312,,,,
12.32,96.15384615384608,,,
12.328,,,,
12.336,,,,
12.344,,,,
12.352,,,,
12.36,,,,
12.368,,,,
12.376,,,,
12.384,,,,
12.392,,,,
12.4,,,,
12.408,,,,
12.416,,,,
12.424,,,,
12.432,,,,
12.44,,,,
12.448,,,,
12.456,,,,
12.464,,,,
12.472,,,,
12.48,,,,
12.488,,,,
12.496,,,,
12.504,,,,
12.512,,,,
12.52,,,,
12.528,,,,
12.536,,,,
12.544,,,,
12.552,,,,
12.56,,,,
12.568,,,67.07,
12.576,,,,
12.584,,,,
12.592,,,,
12.6,,,,
12.608,,,,
12.616,,,,
12.624,,,,
12.632,,,,
12.64,,,,
12.648,,,,
12.656,,,,
12.664,,,,
12.672,,,,
12.68,,,,110.09
12.688,,,,
12.696,,,,
12.704,,,,
12.712,,,,
12.72,,,,
12.728,,,,
12.736,,,,
12.744,,,,
12.752,,,,
12.76,,,,
12.768,,,,
12.776,,,,
12.784,,,,
12.792,,,,
12.8,,,,
12.808,,,,
12.816,,,,
12.824,,,,
12.832,,,,
12.84,,,,
12.848,,,,
12.856,,,,
12.864,,,,
12.872,,,,
12.88,,,,
12.888,,,,
12.896,,,,
12.904,,,,
12.912,,,,
12.92,,,,
12.928,,,,
12.936,,,,
12.944,96.15384615384608,0.6159999999999997,,
12.952,,,,
12.96,,,,
12.968,,,,
12.976,,,,
12.984,,,,
12.992,,,,
13.0,,,,
13.008,,,,
13.016,,,,
13.024,,,,
13.032,,,,
13.04,,,,
13.048,,,,
13.056,,,,
13.064,,,,
13.072,,,,
13.08,,,,
13.088,,,,
13.096,,,,
13.104,,,,
13.112,,,,
13.12,,,,
13.128,,,,
13.136,,,,
13.144,,,,
13.152,,,,
13.16,,,,
13.168,,,,
13.176,,,,
13.184,,,63.298,
13.192,,,,
13.2,,,,
13.208,,,,
13.216,,,,
13.224,,,,
13.232,,,,
13.24,,,,
13.248,,,,
13.256,,,,
13.264,,,,
13.272,,,,
13.28,,,,
13.288,,,,
13.296,,,,
13.304,,,,107.56
13.312,,,,
13.32,,,,
13.328,,,,
13.336,,,,
13.344,,,,
13.352,,,,
13.36,,,,
13.368,,,,
13.376,,,,
13.384,,,,
13.392,,,,
13.4,,,,
13.408,,,,
13.416,,,,
13.424,,,,
13.432,,,,
13.44,,,,
13.448,,,,
13.456,,,,
13.464,,,,
13.472,,,,
13.48,,,,
13.488,,,,
13.496,,,,
13.504,,,,
13.512,,,,
13.52,,,,
13.528,,,,
13.536,,,,
13.544,,,,
13.552,,,,
13.56,,,,
13.568,96.15384615384635,0.6240000000000006,,
13.576,,,,
13.584,,,,
13.592,,,,
13.6,,,,
13.608,,,,
13.616,,,,
13.624,,,,
13.632,,,,
13.64,,,,
13.648,,,,
13.656,,,,
13.664,,,,
13.672,,,,
13.68,,,,
13.688,,,,
13.696,,,,
13.704,,,,
13.712,,,,
13.72,,,,
13.728,,,,
13.736,,,,
13.744,,,,
13.752,,,,
13.76,,,,
13.768,,,,
13.776,,,,
13.784,,,,
13.792,,,,
13.8,,,,
13.808,,,,
13.816,,,64.475,
13.824,,,,
13.832,,,,
13.84,,,,
13.848,,,,
13.856,,,,
13.864,,,,
13.872,,,,
13.88,,,,
13.888,,,,
13.896,,,,
13.904,,,,
13.912,,,,
13.92,,,,
13.928,,,,
13.936,,,,104.578
13.944,,,,
13.952,,,,
13.96,,,,
13.968,,,,
13.976,,,,
13.984,,,,
13.992,,,,
14.0,,,,
14.008,,,,
14.016,,,,
14.024,,,,
14.032,,,,
14.04,,,,
14.048,,,,
14.056,,,,
14.064,,,,
14.072,,,,
14.08,,,,
14.088,,,,
14.096,,,,
14.104,,,,
14.112,,,,
14.12,,,,
14.128,,,,
14.136,,,,
14.144,,,,
14.152,,,,
14.16,,,,
14.168,,,,
14.176,,,,
14.184,,,,
14.192,96.15384615384608,,,
14.2,,,,
14.208,,,,
14.216,,,,
14.224,,,,
14.232,,,,
14.24,,,,
14.248,,,,
14.256,,,,
14.264,,,,
14.272,,,,
14.28,,,,
14.288,,,,
14.296,,,,
14.304,,,,
14.312,,,,
14.32,,,,
14.328,,,,
14.336,,,,
14.344,,,,
14.352,,,,
14.36,,,,
14.368,,,,
14.376,,,,
14.384,,,,
14.392,,,,
14.4,,,,
14.408,,,,
14.416,,,,
14.424,,,,
14.432,,,63.991,
14.44,,,,
14.448,,,,
14.456,,,,
14.464,,,,
14.472,,,,
14.48,,,,
14.488,,,,
14.496,,,,
14.504,,,,
14.512,,,,
14.52,,,,
14.528,,,,
14.536,,,,
14.544,,,,
14.552,,,,
14.56,,,,
14.568,,,,103.014
14.576,,,,
14.584,,,,
14.592,,,,
14.6,,,,
14.608,,,,
14.616,,,,
14.624,,,,
14.632,,,,
14.64,,,,
14.648,,,,
14.656,,,,
14.664,,,,
14.672,,,,
14.68,,,,
14.688,,,,
14.696,,,,
14.704,,,,
14.712,,,,
14.72,,,,
14.728,,,,
14.736,,,,
14.744,,,,
14.752,,,,
14.76,,,,
14.768,,,,
14.776,,,,
14.784,,,,
14.792,,,,
14.8,,,,
14.808,,,,
14.816,96.15384615384608,0.6240000000000007,,
14.824,,,,
14.832,,,,
14.84,,,,
14.848,,,,
14.856,,,,
14.864,,,,
14.872,,,,
14.88,,,,
14.888,,,,
14.896,,,,
14.904,,,,
14.912,,,,
14.92,,,,
14.928,,,,
14.936,,,,
14.944,,,,
14.952,,,,
14.96,,,,
14.968,,,,
14.976,,,,
14.984,,,,
14.992,,,,
15.0,,,,
15.008,,,,
15.016,,,,
15.024,,,,
15.032,,,,
15.04,,,,
15.048,,,,
15.056,,,74.774,
15.064,,,,
15.072,,,,
15.08,,,,
15.088,,,,
15.096,,,,
15.104,,,,
15.112,,,,
15.12,,,,
15.128,,,,
15.136,,,,
15.144,,,,
15.152,,,,
15.16,,,,
15.168,,,,
15.176,,,,
15.184,,,,108.43
15.192,,,,
15.2,,,,
15.208,,,,
15.216,,,,
15.224,,,,
15.232,,,,
15.24,,,,
15.248,,,,
15.256,,,,
15.264,,,,
15.272,,,,
15.28,,,,
15.288,,,,
15.296,,,,
15.304,,,,
15.312,,,,
15.32,,,,
15.328,,,,
15.336,,,,
15.344,,,,
15.352,,,,
15.36,,,,
15.368,,,,
15.376,,,,
15.384,,,,
15.392,,,,
15.4,,,,
15.408,,,,
15.416,,,,
15.424,,,,
15.432,97.40259740259745,0.6240000000000009,,
15.44,,,,
15.448,,,,
15.456,,,,
15.464,,,,
15.472,,,,
15.48,,,,
15.488,,,,
15.496,,,,
15.504,,,,
15.512,,,,
15.52,,,,
15.528,,,,
15.536,,,,
15.544,,,,
15.552,,,,
15.56,,,,
15.568,,,,
15.576,,,,
15.584,,,,
15.592,,,,
15.6,,,,
15.608,,,,
15.616,,,,
15.624,,,,
15.632,,,,
15.64,,,,
15.648,,,,
15.656,,,,
15.664,,,,
15.672,,,74.484,
15.68,,,,
15.688,,,,
15.696,,,,
15.704,,,,
15.712,,,,
15.72,,,,
15.728,,,,
15.736,,,,
15.744,,,,
15.752,,,,
15.76,,,,
15.768,,,,
15.776,,,,
15.784,,,,
15.792,,,,
15.8,,,,
15.808,,,,
15.816,,,,117.376
15.824,,,,
15.832,,,,
15.84,,,,
15.848,,,,
15.856,,,,
15.864,,,,
15.872,,,,
15.88,,,,
15.888,,,,
15.896,,,,
15.904,,,,
15.912,,,,
15.92,,,,
15.928,,,,
15.936,,,,
15.944,,,,
15.952,,,,
15.96,,,,
15.968,,,,
15.976,,,,
15.984,,,,
15.992,,,,
16.0,,,,
16.008,,,,
16.016,,,,
16.024,,,,
16.032,,,,
16.04,,,,
16.048,97.40259740259773,0.6240000000000011,,
16.056,,,,
16.064,,,,
16.072,,,,
16.08,,,,
16.088,,,,
16.096,,,,
16.104,,,,
16.112,,,,
16.12,,,,
16.128,,,,
16.136,,,,
16.144,,,,
16.152,,,,
16.16,,,,
16.168,,,,
16.176,,,,
16.184,,,,
16.192,,,,
16.2,,,,
16.208,,,,
16.216,,,,
16.224,,,,
16.232,,,,
16.24,,,,
16.248,,,,
16.256,,,,
16.264,,,,
16.272,,,,
16.28,,,,
16.288,,,,
16.296,,,73.904,
16.304,,,,
16.312,,,,
16.32,,,,
16.328,,,,
16.336,,,,
16.344,,,,
16.352,,,,
16.36,,,,
16.368,,,,
16.376,,,,
16.384,,,,
16.392,,,,
16.4,,,,112.395
16.408,,,,
16.416,,,,
16.424,,,,
16.432,,,,
16.44,,,,
16.448,,,,
16.456,,,,
16.464,,,,
16.472,,,,
16.48,,,,
16.488,,,,
16.496,,,,
16.504,,,,
16.512,,,,
16.52,,,,
16.528,,,,
16.536,,,,
16.544,,,,
16.552,,,,
16.56,,,,
16.568,,,,
16.576,,,,
16.584,,,,
16.592,,,,
16.6,,,,
16.608,,,,
16.616,,,,
16.624,,,,
16.632,,,,
16.64,,,,
16.648,,,,
16.656,,,,
16.664,97.4025974025969,,,
16.672,,,,
16.68,,,,
16.688,,,,
16.696,,,,
16.704,,,,
16.712,,,,
16.72,,,,
16.728,,,,
16.736,,,,
16.744,,,,
16.752,,,,
16.76,,,,
16.768,,,,
16.776,,,,
16.784,,,,
16.792,,,,
16.8,,,,
16.808,,,,
16.816,,,,
16.824,,,,
16.832,,,,
16.84,,,,
16.848,,,,
16.856,,,,
16.864,,,,
16.872,,,,
16.88,,,,
16.888,,,,
16.896,,,,
16.904,,,,
16.912,,,65.361,
16.92,,,,
16.928,,,,
16.936,,,,
16.944,,,,
16.952,,,,
16.96,,,,
16.968,,,,
16.976,,,,
16.984,,,,
16.992,,,,
17.0,,,,
17.008,,,,
17.016,,,,
17.024,,,,107.318
17.032,,,,
17.04,,,,
17.048,,,,
17.056,,,,
17.064,,,,
17.072,,,,
17.08,,,,
17.088,,,,
17.096,,,,
17.104,,,,
17.112,,,,
17.12,,,,
17.128,,,,
17.136,,,,
17.144,,,,
17.152,,,,
17.16,,,,
17.168,,,,
17.176,,,,
17.184,,,,
17.192,,,,
17.2,,,,
17.208,,,,
17.216,,,,
17.224,,,,
17.232,,,,
17.24,,,,
17.248,,,,
17.256,,,,
17.264,,,,
17.272,,,,
17.28,97.40259740259745,0.6240000000000014,,
17.288,,,,
17.296,,,,
17.304,,,,
17.312,,,,
17.32,,,,
17.328,,,,
17.336,,,,
17.344,,,,
17.352,,,,
17.36,,,,
17.368,,,,
17.376,,,,
17.384,,,,
17.392,,,,
17.4,,,,
17.408,,,,
17.416,,,,
17.424,,,,
17.432,,,,
17.44,,,,
17.448,,,,
17.456,,,,
17.464,,,,
17.472,,,,
17.48,,,,
17.488,,,,
17.496,,,,
17.504,,,,
17.512,,,,
17.52,,,,
17.528,,,,
17.536,,,65.7,
17.544,,,,
17.552,,,,
17.56,,,,
17.568,,,,
17.576,,,,
17.584,,,,
17.592,,,,
17.6,,,,
17.608,,,,
17.616,,,,
17.624,,,,
17.632,,,,
17.64,,,,
17.648,,,,103.933
17.656,,,,
17.664,,,,
17.672,,,,
17.68,,,,
17.688,,,,
17.696,,,,
17.704,,,,
17.712,,,,
17.72,,,,
17.728,,,,
17.736,,,,
17.744,,,,
17.752,,,,
17.76,,,,
17.768,,,,
17.776,,,,
17.784,,,,
17.792,,,,
17.8,,,,
17.808,,,,
17.816,,,,
17.824,,,,
17.832,,,,
17.84,,,,
17.848,,,,
17.856,,,,
17.864,,,,
17.872,,,,
17.88,,,,
17.888,,,,
17.896,,,,
17.904,96.15384615384635,,,
17.912,,,,
17.92,,,,
17.928,,,,
17.936,,,,
17.944,,,,
17.952,,,,
17.96,,,,
17.968,,,,
17.976,,,,
17.984,,,,
17.992,,,,
18.0,,,,
18.008,,,,
18.016,,,,
18.024,,,,
18.032,,,,
18.04,,,,
18.048,,,,
18.056,,,,
18.064,,,,
18.072,,,,
18.08,,,,
18.088,,,,
18.096,,,,
18.104,,,,
18.112,,,,
18.12,,,,
18.128,,,,
18.136,,,,
18.144,,,,
18.152,,,64.426,
18.16,,,,
18.168,,,,
18.176,,,,
18.184,,,,
18.192,,,,
18.2,,,,
18.208,,,,
18.216,,,,
18.224,,,,
18.232,,,,
18.24,,,,
18.248,,,,
18.256,,,,
18.264,,,,
18.272,,,,103.063
18.28,,,,
18.288,,,,
18.296,,,,
18.304,,,,
18.312,,,,
18.32,,,,
18.328,,,,
18.336,,,,
18.344,,,,
18.352,,,,
18.36,,,,
18.368,,,,
18.376,,,,
18.384,,,,
18.392,,,,
18.4,,,,
18.408,,,,
18.416,,,,
18.424,,,,
18.432,,,,
18.44,,,,
18.448,,,,
18.456,,,,
18.464,,,,
18.472,,,,
18.48,,,,
18.488,,,,
18.496,,,,
18.504,,,,
18.512,,,,
18.52,97.40259740259745,,,
18.528,,,,
18.536,,,,
18.544,,,,
18.552,,,,
18.56,,,,
18.568,,,,
18.576,,,,
18.584,,,,
18.592,,,,
18.6,,,,
18.608,,,,
18.616,,,,
18.624,,,,
18.632,,,,
18.64,,,,
18.648,,,,
18.656,,,,
18.664,,,,
18.672,,,,
18.68,,,,
18.688,,,,
18.696,,,,
18.704,,,,
18.712,,,,
18.72,,,,
18.728,,,,
18.736,,,,
18.744,,,,
18.752,,,,
18.76,,,,
18.768,,,63.491,
18.776,,,,
18.784,,,,
18.792,,,,
18.8,,,,
18.808,,,,
18.816,,,,
18.824,,,,
18.832,,,,
18.84,,,,
18.848,,,,
18.856,,,,
18.864,,,,
18.872,,,,
18.88,,,,
18.888,,,,103.594
18.896,,,,
18.904,,,,
18.912,,,,
18.92,,,,
18.928,,,,
18.936,,,,
18.944,,,,
18.952,,,,
18.96,,,,
18.968,,,,
18.976,,,,
18.984,,,,
18.992,,,,
19.0,,,,
19.008,,,,
19.016,,,,
19.024,,,,
19.032,,,,
19.04,,,,
19.048,,,,
19.056,,,,
19.064,,,,
19.072,,,,
19.08,,,,
19.088,,,,
19.096,,,,
19.104,,,,
19.112,,,,
19.12,,,,
19.128,98.6842105263157,0.6240000000000014,,
19.136,,,,
19.144,,,,
19.152,,,,
19.16,,,,
19.168,,,,
19.176,,,,
19.184,,,,
19.192,,,,
19.2,,,,
19.208,,,,
19.216,,,,
19.224,,,,
19.232,,,,
19.24,,,,
19.248,,,,
19.256,,,,
19.264,,,,
19.272,,,,
19.28,,,,
19.288,,,,
19.296,,,,
19.304,,,,
19.312,,,,
19.32,,,,
19.328,,,,
19.336,,,,
19.344,,,,
19.352,,,,
19.36,,,,
19.368,,,,
19.376,,,,
19.384,,,60.171,
19.392,,,,
19.4,,,,
19.408,,,,
19.416,,,,
19.424,,,,
19.432,,,,
19.44,,,,
19.448,,,,
19.456,,,,
19.464,,,,
19.472,,,,
19.48,,,,
19.488,,,,
19.496,,,,
19.504,,,,99.5
19.512,,,,
19.52,,,,
19.528,,,,
19.536,,,,
19.544,,,,
19.552,,,,
19.56,,,,
19.568,,,,
19.576,,,,
19.584,,,,
19.592,,,,
19.6,,,,
19.608,,,,
19.616,,,,
19.624,,,,
19.632,,,,
19.64,,,,
19.648,,,,
19.656,,,,
19.664,,,,
19.672,,,,
19.68,,,,
19.688,,,,
19.696,,,,
19.704,,,,
19.712,,,,
19.72,,,,
19.728,,,,
19.736,,,,
19.744,97.40259740259745,0.6240000000000017,,
19.752,,,,
19.76,,,,
19.768,,,,
19.776,,,,
19.784,,,,
19.792,,,,
19.8,,,,
19.808,,,,
19.816,,,,
19.824,,,,
19.832,,,,
19.84,,,,
19.848,,,,
19.856,,,,
19.864,,,,
19.872,,,,
19.88,,,,
19.888,,,,
19.896,,,,
19.904,,,,
19.912,,,,
19.92,,,,
19.928,,,,
19.936,,,,
19.944,,,,
19.952,,,,
19.96,,,,
19.968,,,,
19.976,,,,
19.984,,,,
19.992,,,61.493,
20.0,,,,
20.008,,,,
20.016,,,,
20.024,,,,
20.032,,,,
20.04,,,,
20.048,,,,
20.056,,,,
20.064,,,,
20.072,,,,
20.08,,,,
20.088,,,,
20.096,,,,
20.104,,,,
20.112,,,,102.627
20.12,,,,
20.128,,,,
20.136,,,,
20.144,,,,
20.152,,,,
20.16,,,,
20.168,,,,
20.176,,,,
20.184,,,,
20.192,,,,
20.2,,,,
20.208,,,,
20.216,,,,
20.224,,,,
20.232,,,,
20.24,,,,
20.248,,,,
20.256,,,,
20.264,,,,
20.272,,,,
20.28,,,,
20.288,,,,
20.296,,,,
20.304,,,,
20.312,,,,
20.32,,,,
20.328,,,,
20.336,,,,
20.344,,,,
20.352,98.6842105263157,0.6240000000000019,,
20.36,,,,
20.368,,,,
20.376,,,,
20.384,,,,
20.392,,,,
20.4,,,,
20.408,,,,
20.416,,,,
20.424,,,,
20.432,,,,
20.44,,,,
20.448,,,,
20.456,,,,
20.464,,,,
20.472,,,,
20.48,,,,
20.488,,,,
20.496,,,,
20.504,,,,
20.512,,,,
20.52,,,,
20.528,,,,
20.536,,,,
20.544,,,,
20.552,,,,
20.56,,,,
20.568,,,,
20.576,,,,
20.584,,,,
20.592,,,,
20.6,,,64.184,
20.608,,,,
20.616,,,,
20.624,,,,
20.632,,,,
20.64,,,,
20.648,,,,
20.656,,,,
20.664,,,,
20.672,,,,
20.68,,,,
20.688,,,,
20.696,,,,
20.704,,,,
20.712,,,,
20.72,,,,108.93
20.728,,,,
20.736,,,,
20.744,,,,
20.752,,,,
20.76,,,,
20.768,,,,
20.776,,,,
20.784,,,,
20.792,,,,
20.8,,,,
20.808,,,,
20.816,,,,
20.824,,,,
20.832,,,,
20.84,,,,
20.848,,,,
20.856,,,,
20.864,,,,
20.872,,,,
20.88,,,,
20.888,,,,
20.896,,,,
20.904,,,,
20.912,,,,
20.92,,,,
20.928,,,,
20.936,,,,
20.944,,,,
20.952,,,,
20.96,98.6842105263157,0.6240000000000021,,
20.968,,,,
20.976,,,,
20.984,,,,
20.992,,,,
21.0,,,,
21.008,,,,
21.016,,,,
21.024,,,,
21.032,,,,
21.04,,,,
21.048,,,,
21.056,,,,
21.064,,,,
21.072,,,,
21.08,,,,
21.088,,,,
21.096,,,,
21.104,,,,
21.112,,,,
21.12,,,,
21.128,,,,
21.136,,,,
21.144,,,,
21.152,,,,
21.16,,,,
21.168,,,,
21.176,,,,
21.184,,,,
21.192,,,,
21.2,,,64.861,
21.208,,,,
21.216,,,,
21.224,,,,
21.232,,,,
21.24,,,,
21.248,,,,
21.256,,,,
21.264,,,,
21.272,,,,
21.28,,,,
21.288,,,,
21.296,,,,
21.304,,,,
21.312,,,,
21.32,,,,110.429
21.328,,,,
21.336,,,,
21.344,,,,
21.352,,,,
21.36,,,,
21.368,,,,
21.376,,,,
21.384,,,,
21.392,,,,
21.4,,,,
21.408,,,,
21.416,,,,
21.424,,,,
21.432,,,,
21.44,,,,
21.448,,,,
21.456,,,,
21.464,,,,
21.472,,,,
21.48,,,,
21.488,,,,
21.496,,,,
21.504,,,,
21.512,,,,
21.52,,,,
21.528,,,,
21.536,,,,
21.544,,,,
21.552,,,,
21.56,,,,
21.568,98.6842105263157,,,
21.576,,,,
21.584,,,,
21.592,,,,
21.6,,,,
21.608,,,,
21.616,,,,
21.624,,,,
21.632,,,,
21.64,,,,
21.648,,,,
21.656,,,,
21.664,,,,
21.672,,,,
21.68,,,,
21.688,,,,
21.696,,,,
21.704,,,,
21.712,,,,
21.72,,,,
21.728,,,,
21.736,,,,
21.744,,,,
21.752,,,,
21.76,,,,
21.768,,,,
21.776,,,,
21.784,,,,
21.792,,,,
21.8,,,,
21.808,,,,
21.816,,,63.798,
21.824,,,,
21.832,,,,
21.84,,,,
21.848,,,,
21.856,,,,
21.864,,,,
21.872,,,,
21.88,,,,
21.888,,,,
21.896,,,,
21.904,,,,
21.912,,,,
21.92,,,,
21.928,,,,
21.936,,,,108.188
21.944,,,,
21.952,,,,
21.96,,,,
21.968,,,,
21.976,,,,
21.984,,,,
21.992,,,,
22.0,,,,
22.008,,,,
22.016,,,,
22.024,,,,
22.032,,,,
22.04,,,,
22.048,,,,
22.056,,,,
22.064,,,,
22.072,,,,
22.08,,,,
22.088,,,,
22.096,,,,
22.104,,,,
22.112,,,,
22.12,,,,
22.128,,,,
22.136,,,,
22.144,,,,
22.152,,,,
22.16,,,,
22.168,,,,
22.176,,,,
22.184,,,,
22.192,,,,
22.2,94.93670886075981,0.6240000000000023,,
22.208,,,,
22.216,,,,
22.224,,,,
22.232,,,,
22.24,,,,
22.248,,,,
22.256,,,,
22.264,,,,
22.272,,,,
22.28,,,,
22.288,,,,
22.296,,,,
22.304,,,,
22.312,,,,
22.32,,,,
22.328,,,,
22.336,,,,
22.344,,,,
22.352,,,,
22.36,,,,
22.368,,,,
22.376,,,,
22.384,,,,
22.392,,,,
22.4,,,,
22.408,,,,
22.416,,,,
22.424,,,,
22.432,,,,
22.44,,,,
22.448,,,62.186,
22.456,,,,
22.464,,,,
22.472,,,,
22.48,,,,
22.488,,,,
22.496,,,,
22.504,,,,
22.512,,,,
22.52,,,,
22.528,,,,
22.536,,,,
22.544,,,,
22.552,,,,
22.56,,,,
22.568,,,,103.304
22.576,,,,
22.584,,,,
22.592,,,,
22.6,,,,
22.608,,,,
22.616,,,,
22.624,,,,
22.632,,,,
22.64,,,,
22.648,,,,
22.656,,,,
22.664,,,,
22.672,,,,
22.68,,,,
22.688,,,,
22.696,,,,
22.704,,,,
22.712,,,,
22.72,,,,
22.728,,,,
22.736,,,,
22.744,,,,
22.752,,,,
22.76,,,,
22.768,,,,
22.776,,,,
22.784,,,,
22.792,,,,
22.8,,,,
22.808,,,,
22.816,,,,
22.824,96.15384615384579,,,
22.832,,,,
22.84,,,,
22.848,,,,
22.856,,,,
22.864,,,,
22.872,,,,
22.88,,,,
22.888,,,,
22.896,,,,
22.904,,,,
22.912,,,,
22.92,,,,
22.928,,,,
22.936,,,,
22.944,,,,
22.952,,,,
22.96,,,,
22.968,,,,
22.976,,,,
22.984,,,,
22.992,,,,
23.0,,,,
23.008,,,,
23.016,,,,
23.024,,,,
23.032,,,,
23.04,,,,
23.048,,,,
23.056,,,,
23.064,,,,
23.072,,,,
23.08,,,61.541,
23.088,,,,
23.096,,,,
23.104,,,,
23.112,,,,
23.12,,,,
23.128,,,,
23.136,,,,
23.144,,,,
23.152,,,,
23.16,,,,
23.168,,,,
23.176,,,,
23.184,,,,
23.192,,,,
23.2,,,,100.822
23.208,,,,
23.216,,,,
23.224,,,,
23.232,,,,
23.24,,,,
23.248,,,,
23.256,,,,
23.264,,,,
23.272,,,,
23.28,,,,
23.288,,,,
23.296,,,,
23.304,,,,
23.312,,,,
23.32,,,,
23.328,,,,
23.336,,,,
23.344,,,,
23.352,,,,
23.36,,,,
23.368,,,,
23.376,,,,
23.384,,,,
23.392,,,,
23.4,,,,
23.408,,,,
23.416,,,,
23.424,,,,
23.432,,,,
23.44,,,,
23.448,96.15384615384635,0.620000000000001,,
23.456,,,,
23.464,,,,
23.472,,,,
23.48,,,,
23.488,,,,
23.496,,,,
23.504,,,,
23.512,,,,
23.52,,,,
23.528,,,,
23.536,,,,
23.544,,,,
23.552,,,,
23.56,,,,
23.568,,,,
23.576,,,,
23.584,,,,
23.592,,,,
23.6,,,,
23.608,,,,
23.616,,,,
23.624,,,,
23.632,,,,
23.64,,,,
23.648,,,,
23.656,,,,
23.664,,,,
23.672,,,,
23.68,,,,
23.688,,,,
23.696,,,,
23.704,,,62.573,
23.712,,,,
23.72,,,,
23.728,,,,
23.736,,,,
23.744,,,,
23.752,,,,
23.76,,,,
23.768,,,,
23.776,,,,
23.784,,,,
23.792,,,,
23.8,,,,
23.808,,,,
23.816,,,,
23.824,,,,114.346
23.832,,,,
23.84,,,,
23.848,,,,
23.856,,,,
23.864,,,,
23.872,,,,
23.88,,,,
23.888,,,,
23.896,,,,
23.904,,,,
23.912,,,,
23.92,,,,
23.928,,,,
23.936,,,,
23.944,,,,
23.952,,,,
23.96,,,,
23.968,,,,
23.976,,,,
23.984,,,,
23.992,,,,
24.0,,,,
24.008,,,,
24.016,,,,
24.024,,,,
24.032,,,,
24.04,,,,
24.048,,,,
24.056,,,,
24.064,,,,
24.072,,,,
24.08,,,,
24.088,93.74999999999991,0.6159999999999997,,
24.096,,,,
24.104,,,,
24.112,,,,
24.12,,,,
24.128,,,,
24.136,,,,
24.144,,,,
24.152,,,,
24.16,,,,
24.168,,,,
24.176,,,,
24.184,,,,
24.192,,,,
24.2,,,,
24.208,,,,
24.216,,,,
24.224,,,,
24.232,,,,
24.24,,,,
24.248,,,,
24.256,,,,
24.264,,,,
24.272,,,,
24.28,,,,
24.288,,,,
24.296,,,,
24.304,,,,
24.312,,,,
24.32,,,,
24.328,,,,
24.336,,,65.409,
24.344,,,,
24.352,,,,
24.36,,,,
24.368,,,,
24.376,,,,
24.384,,,,
24.392,,,,
24.4,,,,
24.408,,,,
24.416,,,,
24.424,,,,
24.432,,,,
24.44,,,,
24.448,,,,109.51
24.456,,,,
24.464,,,,
24.472,,,,
24.48,,,,
24.488,,,,
24.496,,,,
24.504,,,,
24.512,,,,
24.52,,,,
24.528,,,,
24.536,,,,
24.544,,,,
24.552,,,,
24.56,,,,
24.568,,,,
24.576,,,,
24.584,,,,
24.592,,,,
24.6,,,,
24.608,,,,
24.616,,,,
24.624,,,,
24.632,,,,
24.64,,,,
24.648,,,,
24.656,,,,
24.664,,,,
24.672,,,,
24.68,,,,
24.688,,,,
24.696,,,,
24.704,,,,
24.712,,,,
24.72,,,,
24.728,93.74999999999991,0.6159999999999997,,
24.736,,,,
24.744,,,,
24.752,,,,
24.76,,,,
24.768,,,,
24.776,,,,
24.784,,,,
24.792,,,,
24.8,,,,
24.808,,,,
24.816,,,,
24.824,,,,
24.832,,,,
24.84,,,,
24.848,,,,
24.856,,,,
24.864,,,,
24.872,,,,
24.88,,,,
24.888,,,,
24.896,,,,
24.904,,,,
24.912,,,,
24.92,,,,
24.928,,,,
24.936,,,,
24.944,,,,
24.952,,,,
24.96,,,,
24.968,,,,
24.976,,,62.621,
24.984,,,,
24.992,,,,
25.0,,,,
25.008,,,,
25.016,,,,
25.024,,,,
25.032,,,,
25.04,,,,
25.048,,,,
25.056,,,,
25.064,,,,
25.072,,,,
25.08,,,,
25.088,,,,104.481
25.096,,,,
25.104,,,,
25.112,,,,
25.12,,,,
25.128,,,,
25.136,,,,
25.144,,,,
25.152,,,,
25.16,,,,
25.168,,,,
25.176,,,,
25.184,,,,
25.192,,,,
25.2,,,,
25.208,,,,
25.216,,,,
25.224,,,,
25.232,,,,
25.24,,,,
25.248,,,,
25.256,,,,
25.264,,,,
25.272,,,,
25.28,,,,
25.288,,,,
25.296,,,,
25.304,,,,
25.312,,,,
25.32,,,,
25.328,,,,
25.336,,,,
25.344,,,,
25.352,,,,
25.36,,,,
25.368,93.75000000000044,0.6240000000000023,,
25.376,,,,
25.384,,,,
25.392,,,,
25.4,,,,
25.408,,,,
25.416,,,,
25.424,,,,
25.432,,,,
25.44,,,,
25.448,,,,
25.456,,,,
25.464,,,,
25.472,,,,
25.48,,,,
25.488,,,,
25.496,,,,
25.504,,,,
25.512,,,,
25.52,,,,
25.528,,,,
25.536,,,,
25.544,,,,
25.552,,,,
25.56,,,,
25.568,,,,
25.576,,,,
25.584,,,,
25.592,,,,
25.6,,,,
25.608,,,,
25.616,,,,
25.624,,,61.299,
25.632,,,,
25.64,,,,
25.648,,,,
25.656,,,,
25.664,,,,
25.672,,,,
25.68,,,,
25.688,,,,
25.696,,,,
25.704,,,,
25.712,,,,
25.72,,,,
25.728,,,,
25.736,,,,99.452
25.744,,,,
25.752,,,,
25.76,,,,
25.768,,,,
25.776,,,,
25.784,,,,
25.792,,,,
25.8,,,,
25.808,,,,
25.816,,,,
25.824,,,,
25.832,,,,
25.84,,,,
25.848,,,,
25.856,,,,
25.864,,,,
25.872,,,,
25.88,,,,
25.888,,,,
25.896,,,,
25.904,,,,
25.912,,,,
25.92,,,,
25.928,,,,
25.936,,,,
25.944,,,,
25.952,,,,
25.96,,,,
25.968,,,,
25.976,,,,
25.984,,,,
25.992,,,,
26.0,,,,
26.008,,,,
26.016,,,,
26.024,,,,
26.032,,,,
26.04,,,,
26.048,,,,
26.056,,,,
26.064,,,,
26.072,,,,
26.08,,,,
26.088,,,,
26.096,,,,
26.104,,,,
26.112,,,,
26.12,,,,
26.128,,,,
26.136,,,,
26.144,,,,
26.152,,,,
26.16,,,,
26.168,,,,
26.176,,,,
26.184,,,,
26.192,,,,
26.2,,,,
26.208,,,,
26.216,,,,
26.224,,,,
26.232,,,,
26.24,,,,
26.248,,,,
26.256,,,,
26.264,94.60758213589186,0.38400000000000034,,
26.272,,,58.656,
26.28,,,,
26.288,,,,
26.296,,,,
26.304,,,,
26.312,,,,
26.32,,,,
26.328,,,,
26.336,,,,
26.344,,,,
26.352,,,,
26.36,,,,
26.368,,,,
26.376,,,,
26.384,,,,
26.392,,,,94.616
26.4,,,,
26.408,,,,
26.416,,,,
26.424,,,,
26.432,,,,
26.44,,,,
26.448,,,,
26.456,,,,
26.464,,,,
26.472,,,,
26.48,,,,
26.488,,,,
26.496,,,,
26.504,,,,
26.512,,,,
26.52,,,,
26.528,,,,
26.536,,,,
26.544,,,,
26.552,,,,
26.56,,,,
26.568,,,,
26.576,,,,
26.584,,,,
26.592,,,,
26.6,,,,
26.608,,,,
26.616,,,,
26.624,,,,
26.632,,,,
26.64,,,,
26.648,,,,
26.656,,,,
26.664,,,,
26.672,,,,
26.68,,,,
26.688,,,,
26.696,,,,
26.704,,,,
26.712,,,,
26.72,,,,
26.728,,,,
26.736,,,,
26.744,,,,
26.752,,,,
26.76,,,,
26.768,,,,
26.776,,,,
26.784,,,,
26.792,,,,
26.8,,,,
26.808,,,,
26.816,,,,
26.824,,,,
26.832,,,,
26.84,,,,
26.848,,,,
26.856,,,,
26.864,,,,
26.872,,,,
26.88,,,,
26.888,,,,
26.896,,,60.219,
26.904,,,,
26.912,,,,
26.92,,,,
26.928,,,,
26.936,,,,
26.944,,,,
26.952,,,,
26.96,,,,
26.968,,,,
26.976,,,,
26.984,,,,
26.992,,,,
27.0,,,,
27.008,,,,
27.016,,,,
27.024,,,,100.919
27.032,,,,
27.04,,,,
27.048,,,,
27.056,,,,
27.064,,,,
27.072,,,,
27.08,,,,
27.088,,,,
27.096,,,,
27.104,,,,
27.112,,,,
27.12,,,,
27.128,,,,
27.136,,,,
27.144,,,,
27.152,,,,
27.16,,,,
27.168,,,,
27.176,,,,
27.184,,,,
27.192,,,,
27.2,,,,
27.208,,,,
27.216,,,,
27.224,,,,
27.232,,,,
27.24,,,,
27.248,,,,
27.256,,,,
27.264,,,,
27.272,,,,
27.28,95.79703612087005,0.5999999999999979,,
27.288,,,,
27.296,,,,
27.304,,,,
27.312,,,,
27.32,,,,
27.328,,,,
27.336,,,,
27.344,,,,
27.352,,,,
27.36,,,,
27.368,,,,
27.376,,,,
27.384,,,,
27.392,,,,
27.4,,,,
27.408,,,,
27.416,,,,
27.424,,,,
27.432,,,,
27.44,,,,
27.448,,,,
27.456,,,,
27.464,,,,
27.472,,,,
27.48,,,,
27.488,,,,
27.496,,,,
27.504,,,,
27.512,,,,
27.52,,,,
27.528,,,,
27.536,,,,
27.544,,,,
27.552,,,,
27.56,,,,
27.568,,,,
27.576,,,,
27.584,,,,
27.592,,,,
27.6,,,,
27.608,,,,
27.616,,,,
27.624,,,,118.601
27.632,,,,
27.64,,,,
27.648,,,,
27.656,,,,
27.664,,,,
27.672,,,,
27.68,,,,
27.688,,,,
27.696,,,,
27.704,,,,
27.712,,,,
27.72,,,,
27.728,,,,
27.736,,,,
27.744,,,,
27.752,,,,
27.76,,,,
27.768,,,,
27.776,,,,
27.784,,,,
27.792,,,,
27.8,,,,
27.808,,,,
27.816,,,,
27.824,,,,
27.832,,,,
27.84,,,,
27.848,,,,
27.856,,,,
27.864,,,,
27.872,,,,
27.88,,,,
27.888,,,,
27.896,,,,
27.904,,,,
27.912,94.93670886075981,0.6159999999999997,,
27.92,,,,
27.928,,,,
27.936,,,,
27.944,,,,
27.952,,,,
27.96,,,,
27.968,,,,
27.976,,,,
27.984,,,,
27.992,,,,
28.0,,,,
28.008,,,,
28.016,,,,
28.024,,,,
28.032,,,,
28.04,,,,
28.048,,,,
28.056,,,,
28.064,,,,
28.072,,,,
28.08,,,,
28.088,,,,
28.096,,,,
28.104,,,,
28.112,,,,
28.12,,,,
28.128,,,,
28.136,,,,
28.144,,,64.861,
28.152,,,,
28.16,,,,
28.168,,,,
28.176,,,,
28.184,,,,
28.192,,,,
28.2,,,,
28.208,,,,
28.216,,,,
28.224,,,,
28.232,,,,
28.24,,,,
28.248,,,,
28.256,,,,
28.264,,,,109.655
28.272,,,,
28.28,,,,
28.288,,,,
28.296,,,,
28.304,,,,
28.312,,,,
28.32,,,,
28.328,,,,
28.336,,,,
28.344,,,,
28.352,,,,
28.36,,,,
28.368,,,,
28.376,,,,
28.384,,,,
28.392,,,,
28.4,,,,
28.408,,,,
28.416,,,,
28.424,,,,
28.432,,,,
28.44,,,,
28.448,,,,
28.456,,,,
28.464,,,,
28.472,,,,
28.48,,,,
28.488,,,,
28.496,,,,
28.504,,,,
28.512,,,,
28.52,,,,
28.528,,,,
28.536,,,,
28.544,,,,
28.552,93.74999999999991,0.6159999999999997,,
28.56,,,,
28.568,,,,
28.576,,,,
28.584,,,,
28.592,,,,
28.6,,,,
28.608,,,,
28.616,,,,
28.624,,,,
28.632,,,,
28.64,,,,
28.648,,,,
28.656,,,,
28.664,,,,
28.672,,,,
28.68,,,,
28.688,,,,
28.696,,,,
28.704,,,,
28.712,,,,
28.72,,,,
28.728,,,,
28.736,,,,
28.744,,,,
28.752,,,,
28.76,,,,
28.768,,,,
28.776,,,,
28.784,,,,
28.792,,,,
28.8,,,61.348,
28.808,,,,
28.816,,,,
28.824,,,,
28.832,,,,
28.84,,,,
28.848,,,,
28.856,,,,
28.864,,,,
28.872,,,,
28.88,,,,
28.888,,,,
28.896,,,,
28.904,,,,
28.912,,,,103.74
28.92,,,,
28.928,,,,
28.936,,,,
28.944,,,,
28.952,,,,
28.96,,,,
28.968,,,,
28.976,,,,
28.984,,,,
28.992,,,,
29.0,,,,
29.008,,,,
29.016,,,,
29.024,,,,
29.032,,,,
29.04,,,,
29.048,,,,
29.056,,,,
29.064,,,,
29.072,,,,
29.08,,,,
29.088,,,,
29.096,,,,
29.104,,,,
29.112,,,,
29.12,,,,
29.128,,,,
29.136,,,,
29.144,,,,
29.152,,,,
29.16,,,,
29.168,,,,
29.176,,,,
29.184,,,,
29.192,93.74999999999991,0.6400000000000006,,
29.2,,,,
29.208,,,,
29.216,,,,
29.224,,,,
29.232,,,,
29.24,,,,
29.248,,,,
29.256,,,,
29.264,,,,
29.272,,,,
29.28,,,,
29.288,,,,
29.296,,,,
29.304,,,,
29.312,,,,
29.32,,,,
29.328,,,,
29.336,,,,
29.344,,,,
29.352,,,,
29.36,,,,
29.368,,,,
29.376,,,,
29.384,,,,
29.392,,,,
29.4,,,,
29.408,,,,
29.416,,,,
29.424,,,,
29.432,,,,
29.44,,,,
29.448,,,59.252,
29.456,,,,
29.464,,,,
29.472,,,,
29.48,,,,
29.488,,,,
29.496,,,,
29.504,,,,
29.512,,,,
29.52,,,,
29.528,,,,
29.536,,,,
29.544,,,,
29.552,,,,
29.56,,,,
29.568,,,,97.695
29.576,,,,
29.584,,,,
29.592,,,,
29.6,,,,
29.608,,,,
29.616,,,,
29.624,,,,
29.632,,,,
29.64,,,,
29.648,,,,
29.656,,,,
29.664,,,,
29.672,,,,
29.68,,,,
29.688,,,,
29.696,,,,
29.704,,,,
29.712,,,,
29.72,,,,
29.728,,,,
29.736,,,,
29.744,,,,
29.752,,,,
29.76,,,,
29.768,,,,
29.776,,,,
29.784,,,,
29.792,,,,
29.8,,,,
29.808,,,,
29.816,,,,
29.824,,,,
29.832,,,,
29.84,92.59259259259264,0.6239999999999988,,
29.848,,,,
29.856,,,,
29.864,,,,
29.872,,,,
29.88,,,,
29.888,,,,
29.896,,,,
29.904,,,,
29.912,,,,
29.92,,,,
29.928,,,,
29.936,,,,
29.944,,,,
29.952,,,,
29.96,,,,
29.968,,,,
29.976,,,,
29.984,,,,
29.992,,,,
30.0,,,,
30.008,,,,
30.016,,,,
30.024,,,,
30.032,,,,
30.04,,,,
30.048,,,,
30.056,,,,
30.064,,,,
30.072,,,,
30.08,,,,
30.088,,,58.801,
30.096,,,,
30.104,,,,
30.112,,,,
30.12,,,,
30.128,,,,
30.136,,,,
30.144,,,,
30.152,,,,
30.16,,,,
30.168,,,,
30.176,,,,
30.184,,,,
30.192,,,,
30.2,,,,
30.208,,,,96.422
30.216,,,,
30.224,,,,
30.232,,,,
30.24,,,,
30.248,,,,
30.256,,,,
30.264,,,,
30.272,,,,
30.28,,,,
30.288,,,,
30.296,,,,
30.304,,,,
30.312,,,,
30.32,,,,
30.328,,,,
30.336,,,,
30.344,,,,
30.352,,,,
30.36,,,,
30.368,,,,
30.376,,,,
30.384,,,,
30.392,,,,
30.4,,,,
30.408,,,,
30.416,,,,
30.424,,,,
30.432,,,,
30.44,,,,
30.448,,,,
30.456,,,,
30.464,96.15384615384635,,,
30.472,,,,
30.48,,,,
30.488,,,,
30.496,,,,
30.504,,,,
30.512,,,,
30.52,,,,
30.528,,,,
30.536,,,,
30.544,,,,
30.552,,,,
30.56,,,,
30.568,,,,
30.576,,,,
30.584,,,,
30.592,,,,
30.6,,,,
30.608,,,,
30.616,,,,
30.624,,,,
30.632,,,,
30.64,,,,
30.648,,,,
30.656,,,,
30.664,,,,
30.672,,,,
30.68,,,,
30.688,,,,
30.696,,,,
30.704,,,60.413,
30.712,,,,
30.72,,,,
30.728,,,,
30.736,,,,
30.744,,,,
30.752,,,,
30.76,,,,
30.768,,,,
30.776,,,,
30.784,,,,
30.792,,,,
30.8,,,,
30.808,,,,
30.816,,,,
30.824,,,,
30.832,,,,
30.84,,,,
30.848,,,,
30.856,,,,139.507
30.864,,,,
30.872,,,,
30.88,,,,
30.888,,,,
30.896,,,,
30.904,,,,
30.912,,,,
30.92,,,,
30.928,,,,
30.936,,,,
30.944,,,,
30.952,,,,
30.96,,,,
30.968,,,,
30.976,,,,
30.984,,,,
30.992,,,,
31.0,,,,
31.008,,,,
31.016,,,,
31.024,,,,
31.032,,,,
31.04,,,,
31.048,,,,
31.056,,,,
31.064,,,,
31.072,,,,
31.08,,,,
31.088,,,,
31.096,,,,
31.104,,,,
31.112,92.59259259259264,0.5680000000000014,,
31.12,,,,
31.128,,,,
31.136,,,,
31.144,,,,
31.152,,,,
31.16,,,,
31.168,,,,
31.176,,,,
31.184,,,,
31.192,,,,
31.2,,,,
31.208,,,,
31.216,,,,
31.224,,,,
31.232,,,,
31.24,,,,
31.248,,,,
31.256,,,,
31.264,,,,
31.272,,,,
31.28,,,,
31.288,,,,
31.296,,,,
31.304,,,,
31.312,,,,
31.32,,,,
31.328,,,,
31.336,,,,
31.344,,,,
31.352,,,,
31.36,,,,
31.368,,,,
31.376,,,,
31.384,,,,
31.392,,,,
31.4,,,,
31.408,,,,
31.416,,,,134.075
31.424,,,,
31.432,,,,
31.44,,,,
31.448,,,,
31.456,,,,
31.464,,,,
31.472,,,,
31.48,,,,
31.488,,,,
31.496,,,,
31.504,,,,
31.512,,,,
31.52,,,,
31.528,,,,
31.536,,,,
31.544,,,,
31.552,,,,
31.56,,,,
31.568,,,,
31.576,,,,
31.584,,,,
31.592,,,,
31.6,,,,
31.608,,,,
31.616,,,,
31.624,,,,
31.632,,,,
31.64,,,,
31.648,,,,
31.656,,,,
31.664,,,,
31.672,,,,
31.68,,,,
31.688,,,,
31.696,,,,
31.704,,,,
31.712,,,,
31.72,,,,
31.728,,,,
31.736,,,,
31.744,,,,
31.752,,,,
31.76,92.59259259259213,0.6239999999999988,,
31.768,,,,
31.776,,,,
31.784,,,,
31.792,,,,
31.8,,,,
31.808,,,,
31.816,,,,
31.824,,,,
31.832,,,,
31.84,,,,
31.848,,,,
31.856,,,,
31.864,,,,
31.872,,,,
31.88,,,,
31.888,,,,
31.896,,,,
31.904,,,,
31.912,,,,
31.92,,,,
31.928,,,,
31.936,,,,
31.944,,,,
31.952,,,,
31.96,,,,
31.968,,,,
31.976,,,,
31.984,,,,
31.992,,,57.189,
32.0,,,,
32.008,,,,
32.016,,,,
32.024,,,,
32.032,,,,
32.04,,,,
32.048,,,,
32.056,,,,
32.064,,,,
32.072,,,,
32.08,,,,
32.088,,,,
32.096,,,,
32.104,,,,
32.112,,,,
32.12,,,,
32.128,,,,99.097
32.136,,,,
32.144,,,,
32.152,,,,
32.16,,,,
32.168,,,,
32.176,,,,
32.184,,,,
32.192,,,,
32.2,,,,
32.208,,,,
32.216,,,,
32.224,,,,
32.232,,,,
32.24,,,,
32.248,,,,
32.256,,,,
32.264,,,,
32.272,,,,
32.28,,,,
32.288,,,,
32.296,,,,
32.304,,,,
32.312,,,,
32.32,,,,
32.328,,,,
32.336,,,,
32.344,,,,
32.352,,,,
32.36,,,,
32.368,,,,
32.376,,,,
32.384,,,,
32.392,,,,
32.4,93.75000000000044,,,
32.408,,,,
32.416,,,,
32.424,,,,
32.432,,,,
32.44,,,,
32.448,,,,
32.456,,,,
32.464,,,,
32.472,,,,
32.48,,,,
32.488,,,,
32.496,,,,
32.504,,,,
32.512,,,,
32.52,,,,
32.528,,,,
32.536,,,,
32.544,,,,
32.552,,,,
32.56,,,,
32.568,,,,
32.576,,,,
32.584,,,,
32.592,,,,
32.6,,,,
32.608,,,,
32.616,,,,
32.624,,,,
32.632,,,,
32.64,,,,
32.648,,,56.85,
32.656,,,,
32.664,,,,
32.672,,,,
32.68,,,,
32.688,,,,
32.696,,,,
32.704,,,,
32.712,,,,
32.72,,,,
32.728,,,,
32.736,,,,
32.744,,,,
32.752,,,,
32.76,,,,
32.768,,,,105.255
32.776,,,,
32.784,,,,
32.792,,,,
32.8,,,,
32.808,,,,
32.816,,,,
32.824,,,,
32.832,,,,
32.84,,,,
32.848,,,,
32.856,,,,
32.864,,,,
32.872,,,,
32.88,,,,
32.888,,,,
32.896,,,,
32.904,,,,
32.912,,,,
32.92,,,,
32.928,,,,
32.936,,,,
32.944,,,,
32.952,,,,
32.96,,,,
32.968,,,,
32.976,,,,
32.984,,,,
32.992,,,,
33.0,,,,
33.008,,,,
33.016,,,,
33.024,96.15384615384579,0.5371428571428558,,
33.032,,,,
33.04,,,,
33.048,,,,
33.056,,,,
33.064,,,,
33.072,,,,
33.08,,,,
33.088,,,,
33.096,,,,
33.104,,,,
33.112,,,,
33.12,,,,
33.128,,,,
33.136,,,,
33.144,,,,
33.152,,,,
33.16,,,,
33.168,,,,
33.176,,,,
33.184,,,,
33.192,,,,
33.2,,,,
33.208,,,,
33.216,,,,
33.224,,,,
33.232,,,,
33.24,,,,
33.248,,,,
33.256,,,,
33.264,,,,
33.272,,,49.919,
33.28,,,,
33.288,,,,
33.296,,,,
33.304,,,,
33.312,,,,
33.32,,,,
33.328,,,,
33.336,,,,
33.344,,,,
33.352,,,,
33.36,,,,
33.368,,,,
33.376,,,,
33.384,,,,
33.392,,,,
33.4,,,,
33.408,,,,
33.416,,,,104.723
33.424,,,,
33.432,,,,
33.44,,,,
33.448,,,,
33.456,,,,
33.464,,,,
33.472,,,,
33.48,,,,
33.488,,,,
33.496,,,,
33.504,,,,
33.512,,,,
33.52,,,,
33.528,,,,
33.536,,,,
33.544,,,,
33.552,,,,
33.56,,,,
33.568,,,,
33.576,,,,
33.584,,,,
33.592,,,,
33.6,,,,
33.608,,,,
33.616,,,,
33.624,,,,
33.632,,,,
33.64,,,,
33.648,,,,
33.656,94.93670886075981,0.45028571428571285,,
33.664,,,,
33.672,,,,
33.68,,,,
33.688,,,,
33.696,,,,
33.704,,,,
33.712,,,,
33.72,,,,
33.728,,,,
33.736,,,,
33.744,,,,
33.752,,,,
33.76,,,,
33.768,,,,
33.776,,,,
33.784,,,,
33.792,,,,
33.8,,,,
33.808,,,,
33.816,,,,
33.824,,,,
33.832,,,,
33.84,,,,
33.848,,,,
33.856,,,,
33.864,,,,
33.872,,,,
33.88,,,,
33.888,,,,
33.896,,,,
33.904,,,55.287,
33.912,,,,
33.92,,,,
33.928,,,,
33.936,,,,
33.944,,,,
33.952,,,,
33.96,,,,
33.968,,,,
33.976,,,,
33.984,,,,
33.992,,,,
34.0,,,,
34.008,,,,
34.016,,,,
34.024,,,,
34.032,,,,
34.04,,,,110.88
34.048,,,,
34.056,,,,
34.064,,,,
34.072,,,,
34.08,,,,
34.088,,,,
34.096,,,,
34.104,,,,
34.112,,,,
34.12,,,,
34.128,,,,
34.136,,,,
34.144,,,,
34.152,,,,
34.16,,,,
34.168,,,,
34.176,,,,
34.184,,,,
34.192,,,,
34.2,,,,
34.208,,,,
34.216,,,,
34.224,,,,
34.232,,,,
34.24,,,,
34.248,,,,
34.256,,,,
34.264,,,,
34.272,97.40259740259745,0.36342857142857,,
34.28,,,,
34.288,,,,
34.296,,,,
34.304,,,,
34.312,,,,
34.32,,,,
34.328,,,,
34.336,,,,
34.344,,,,
34.352,,,,
34.36,,,,
34.368,,,,
34.376,,,,
34.384,,,,
34.392,,,,
34.4,,,,
34.408,,,,
34.416,,,63.846,
34.424,,,,
34.432,,,,
34.44,,,,
34.448,,,,
34.456,,,,
34.464,,,,
34.472,,,,
34.48,,,,
34.488,,,,
34.496,,,,
34.504,,,,
34.512,,,,
34.52,,,,
34.528,,,,
34.536,,,,
34.544,,,,
34.552,,,,
34.56,,,,
34.568,,,,
34.576,,,,
34.584,,,,
34.592,,,,
34.6,,,,
34.608,,,,
34.616,,,,
34.624,,,,
34.632,,,,
34.64,,,,
34.648,,,,
34.656,,,,
34.664,,,,
34.672,,,,117.859
34.68,,,,
34.688,,,,
34.696,,,,
34.704,,,,
34.712,,,,
34.72,,,,
34.728,,,,
34.736,,,,
34.744,,,,
34.752,,,,
34.76,,,,
34.768,,,,
34.776,,,,
34.784,,,,
34.792,,,,
34.8,,,,
34.808,,,,
34.816,,,,
34.824,,,,
34.832,,,,
34.84,,,,
34.848,,,,
34.856,,,,
34.864,,,,
34.872,,,,
34.88,98.68421052631513,0.276571428571427,,
34.888,,,,
34.896,,,,
34.904,,,,
34.912,,,,
34.92,,,,
34.928,,,,
34.936,,,,
34.944,,,,
34.952,,,,
34.96,,,,
34.968,,,,
34.976,,,,
34.984,,,,
34.992,,,,
35.0,,,,
35.008,,,,
35.016,,,,
35.024,,,,
35.032,,,,
35.04,,,,
35.048,,,,
35.056,,,,
35.064,,,,
35.072,,,,
35.08,,,,
35.088,,,,
35.096,,,,
35.104,,,,
35.112,,,,
35.12,,,,
35.128,,,,
35.136,,,,
35.144,,,,
35.152,,,,
35.16,,,,
35.168,,,,
35.176,,,,
35.184,,,,
35.192,,,,
35.2,,,,
35.208,,,,
35.216,,,,
35.224,,,,
35.232,,,,
35.24,,,,140.377
35.248,,,,
35.256,,,,
35.264,,,,
35.272,,,,
35.28,,,,
35.288,,,,
35.296,,,,
35.304,,,,
35.312,,,,
35.32,,,,
35.328,,,,
35.336,,,,
35.344,,,,
35.352,,,,
35.36,,,,
35.368,,,,
35.376,,,,
35.384,,,,
35.392,,,,
35.4,,,,
35.408,,,,
35.416,,,,
35.424,,,,
35.432,,,,
35.44,,,,
35.448,,,,
35.456,,,,
35.464,,,,
35.472,,,,
35.48,,,,
35.488,,,,
35.496,97.40259740259745,0.18971428571428411,,
35.504,,,,
35.512,,,,
35.52,,,,
35.528,,,,
35.536,,,,
35.544,,,,
35.552,,,,
35.56,,,,
35.568,,,,
35.576,,,,
35.584,,,,
35.592,,,,
35.6,,,,
35.608,,,,
35.616,,,,
35.624,,,,
35.632,,,,
35.64,,,,
35.648,,,,
35.656,,,,
35.664,,,,
35.672,,,,
35.68,,,,
35.688,,,,
35.696,,,,
35.704,,,,
35.712,,,,
35.72,,,,
35.728,,,,
35.736,,,,
35.744,,,74.194,
35.752,,,,
35.76,,,,
35.768,,,,
35.776,,,,
35.784,,,,
35.792,,,,
35.8,,,,
35.808,,,,
35.816,,,,
35.824,,,,
35.832,,,,
35.84,,,,
35.848,,,,
35.856,,,,
35.864,,,,
35.872,,,,122.502
35.88,,,,
35.888,,,,
35.896,,,,
35.904,,,,
35.912,,,,
35.92,,,,
35.928,,,,
35.936,,,,
35.944,,,,
35.952,,,,
35.96,,,,
35.968,,,,
35.976,,,,
35.984,,,,
35.992,,,,
36.0,,,,
36.008,,,,
36.016,,,,
36.024,,,,
36.032,,,,
36.04,,,,
36.048,,,,
36.056,,,,
36.064,,,,
36.072,,,,
36.08,,,,
36.088,,,,
36.096,,,,
36.104,98.68421052631628,0.10285714285714118,,
36.112,,,,
36.12,,,,
36.128,,,,
36.136,,,,
36.144,,,,
36.152,,,,
36.16,,,,
36.168,,,,
36.176,,,,
36.184,,,,
36.192,,,,
36.2,,,,
36.208,,,,
36.216,,,,
36.224,,,,
36.232,,,,
36.24,,,,
36.248,,,,
36.256,,,,
36.264,,,,
36.272,,,,
36.28,,,,
36.288,,,,
36.296,,,,
36.304,,,,
36.312,,,,
36.32,,,,
36.328,,,,
36.336,,,,
36.344,,,,
36.352,,,,
36.36,,,,
36.368,,,,
36.376,,,,
36.384,,,,
36.392,,,,
36.4,,,,
36.408,,,,
36.416,,,,
36.424,,,,141.747
36.432,,,,
36.44,,,,
36.448,,,,
36.456,,,,
36.464,,,,
36.472,,,,
36.48,,,,
36.488,,,,
36.496,,,,
36.504,,,,
36.512,,,,
36.52,,,,
36.528,,,,
36.536,,,,
36.544,,,,
36.552,,,,
36.56,,,,
36.568,,,,
36.576,,,,
36.584,,,,
36.592,,,,
36.6,,,,
36.608,,,,
36.616,,,,
36.624,,,,
36.632,,,,
36.64,,,,
36.648,,,,
36.656,,,,
36.664,,,,
36.672,,,,
36.68,,,,
36.688,,,,
36.696,,,,
36.704,,,,
36.712,98.68421052631513,0.015999999999998238,,
36.72,,,,
36.728,,,,
36.736,,,,
36.744,,,,
36.752,,,,
36.76,,,,
36.768,,,,
36.776,,,,
36.784,,,,
36.792,,,,
36.8,,,,
36.808,,,,
36.816,,,,
36.824,,,,
36.832,,,,
36.84,,,,
36.848,,,,
36.856,,,,
36.864,,,,
36.872,,,,
36.88,,,,
36.888,,,,
36.896,,,,
36.904,,,,
36.912,,,,
36.92,,,,
36.928,,,,
36.936,,,82.737,
36.944,,,,
36.952,,,,
36.96,,,,
36.968,,,,
36.976,,,,
36.984,,,,
36.992,,,,
37.0,,,,
37.008,,,,
37.016,,,,
37.024,,,,
37.032,,,,
37.04,,,,
37.048,,,,
37.056,,,,
37.064,,,,
37.072,,,,
37.08,,,,127.966
37.088,,,,
37.096,,,,
37.104,,,,
37.112,,,,
37.12,,,,
37.128,,,,
37.136,,,,
37.144,,,,
37.152,,,,
37.16,,,,
37.168,,,,
37.176,,,,
37.184,,,,
37.192,,,,
37.2,,,,
37.208,,,,
37.216,,,,
37.224,,,,
37.232,,,,
37.24,,,,
37.248,,,,
37.256,,,,
37.264,,,,
37.272,,,,
37.28,,,,
37.288,,,,
37.296,,,,
37.304,,,,
37.312,100.00000000000095,0.016000000000005343,,
37.32,,,,
37.328,,,,
37.336,,,,
37.344,,,,
37.352,,,,
37.36,,,,
37.368,,,,
37.376,,,,
37.384,,,,
37.392,,,,
37.4,,,,
37.408,,,,
37.416,,,,
37.424,,,,
37.432,,,,
37.44,,,,
37.448,,,,
37.456,,,,
37.464,,,,
37.472,,,,
37.48,,,,
37.488,,,,
37.496,,,,
37.504,,,,
37.512,,,,
37.52,,,,
37.528,,,,
37.536,,,,
37.544,,,,
37.552,,,79.03,
37.56,,,,
37.568,,,,
37.576,,,,
37.584,,,,
37.592,,,,
37.6,,,,
37.608,,,,
37.616,,,,
37.624,,,,
37.632,,,,
37.64,,,,
37.648,,,,
37.656,,,,
37.664,,,,
37.672,,,,139.007
37.68,,,,
37.688,,,,
37.696,,,,
37.704,,,,
37.712,,,,
37.72,,,,
37.728,,,,
37.736,,,,
37.744,,,,
37.752,,,,
37.76,,,,
37.768,,,,
37.776,,,,
37.784,,,,
37.792,,,,
37.8,,,,
37.808,,,,
37.816,,,,
37.824,,,,
37.832,,,,
37.84,,,,
37.848,,,,
37.856,,,,
37.864,,,,
37.872,,,,
37.88,,,,
37.888,,,,
37.896,,,,
37.904,,,,
37.912,99.99999999999976,0.02400000000000091,,
37.92,,,,
37.928,,,,
37.936,,,,
37.944,,,,
37.952,,,,
37.96,,,,
37.968,,,,
37.976,,,,
37.984,,,,
37.992,,,,
38.0,,,,
38.008,,,,
38.016,,,,
38.024,,,,
38.032,,,,
38.04,,,,
38.048,,,,
38.056,,,,
38.064,,,,
38.072,,,,
38.08,,,,
38.088,,,,
38.096,,,,
38.104,,,,
38.112,,,,
38.12,,,,
38.128,,,,
38.136,,,,
38.144,,,,
38.152,,,,
38.16,,,,
38.168,,,,
38.176,,,,
38.184,,,,
38.192,,,,
38.2,,,,
38.208,,,,
38.216,,,,
38.224,,,,
38.232,,,,
38.24,,,,
38.248,,,,
38.256,,,,
38.264,,,,
38.272,,,,
38.28,,,,
38.288,,,,125.967
38.296,,,,
38.304,,,,
38.312,,,,
38.32,,,,
38.328,,,,
38.336,,,,
38.344,,,,
38.352,,,,
38.36,,,,
38.368,,,,
38.376,,,,
38.384,,,,
38.392,,,,
38.4,,,,
38.408,,,,
38.416,,,,
38.424,,,,
38.432,,,,
38.44,,,,
38.448,,,,
38.456,,,,
38.464,,,,
38.472,,,,
38.48,,,78.788,
38.488,,,,
38.496,,,,
38.504,,,,
38.512,,,,
38.52,98.68421052631513,0.023999999999993804,,
38.528,,,,
38.536,,,,
38.544,,,,
38.552,,,,
38.56,,,,
38.568,,,,
38.576,,,,
38.584,,,,
38.592,,,,
38.6,,,,
38.608,,,,
38.616,,,,
38.624,,,,
38.632,,,,
38.64,,,,
38.648,,,,
38.656,,,,
38.664,,,,
38.672,,,,
38.68,,,,
38.688,,,,
38.696,,,,
38.704,,,,
38.712,,,,
38.72,,,,
38.728,,,,
38.736,,,,
38.744,,,,
38.752,,,,
38.76,,,,
38.768,,,,
38.776,,,,
38.784,,,,
38.792,,,,
38.8,,,,
38.808,,,,
38.816,,,,
38.824,,,,
38.832,,,,
38.84,,,,
38.848,,,,
38.856,,,,
38.864,,,,
38.872,,,,
38.88,,,,
38.888,,,,
38.896,,,,127.627
38.904,,,,
38.912,,,,
38.92,,,,
38.928,,,,
38.936,,,,
38.944,,,,
38.952,,,,
38.96,,,,
38.968,,,,
38.976,,,,
38.984,,,,
38.992,,,,
39.0,,,,
39.008,,,,
39.016,,,,
39.024,,,,
39.032,,,,
39.04,,,,
39.048,,,,
39.056,,,,
39.064,,,,
39.072,,,,
39.08,,,,
39.088,,,,
39.096,,,,
39.104,,,,
39.112,,,,
39.12,,,,
39.128,98.68421052631628,0.02400000000000091,,
39.136,,,,
39.144,,,,
39.152,,,,
39.16,,,,
39.168,,,,
39.176,,,,
39.184,,,,
39.192,,,,
39.2,,,,
39.208,,,,
39.216,,,,
39.224,,,,
39.232,,,,
39.24,,,,
39.248,,,,
39.256,,,,
39.264,,,,
39.272,,,,
39.28,,,,
39.288,,,,
39.296,,,,
39.304,,,,
39.312,,,,
39.32,,,,
39.328,,,,
39.336,,,,
39.344,,,,
39.352,,,,
39.36,,,,
39.368,,,83.14,
39.376,,,,
39.384,,,,
39.392,,,,
39.4,,,,
39.408,,,,
39.416,,,,
39.424,,,,
39.432,,,,
39.44,,,,
39.448,,,,
39.456,,,,
39.464,,,,
39.472,,,,
39.48,,,,
39.488,,,,
39.496,,,,121.567
39.504,,,,
39.512,,,,
39.52,,,,
39.528,,,,
39.536,,,,
39.544,,,,
39.552,,,,
39.56,,,,
39.568,,,,
39.576,,,,
39.584,,,,
39.592,,,,
39.6,,,,
39.608,,,,
39.616,,,,
39.624,,,,
39.632,,,,
39.64,,,,
39.648,,,,
39.656,,,,
39.664,,,,
39.672,,,,
39.68,,,,
39.688,,,,
39.696,,,,
39.704,,,,
39.712,,,,
39.72,,,,
39.728,,,,
39.736,98.68421052631628,0.016000000000005343,,
39.744,,,,
39.752,,,,
39.76,,,,
39.768,,,,
39.776,,,,
39.784,,,,
39.792,,,,
39.8,,,,
39.808,,,,
39.816,,,,
39.824,,,,
39.832,,,,
39.84,,,,
39.848,,,,
39.856,,,,
39.864,,,,
39.872,,,,
39.88,,,,
39.888,,,,
39.896,,,,
39.904,,,,
39.912,,,,
39.92,,,,
39.928,,,,
39.936,,,,
39.944,,,,
39.952,,,,
39.96,,,,
39.968,,,,
39.976,,,,
39.984,,,,
39.992,,,,
40.0,,,,
40.008,,,,
40.016,,,,
40.024,,,,
40.032,,,,
40.04,,,,
40.048,,,,
40.056,,,,
40.064,,,,
40.072,,,,
40.08,,,,
40.088,,,,
40.096,,,,129.191
40.104,,,,
40.112,,,,
40.12,,,,
40.128,,,,
40.136,,,,
40.144,,,,
40.152,,,,
40.16,,,,
40.168,,,,
40.176,,,,
40.184,,,,
40.192,,,,
40.2,,,,
40.208,,,,
40.216,,,,
40.224,,,,
40.232,,,,
40.24,,,,
40.248,,,,
40.256,,,,
40.264,,,,
40.272,,,,
40.28,,,,
40.288,,,,
40.296,,,,
40.304,,,,
40.312,,,,
40.32,,,,
40.328,,,,
40.336,,,,
40.344,98.68421052631513,0.007999999999995566,,
40.352,,,,
40.36,,,,
40.368,,,,
40.376,,,,
40.384,,,,
40.392,,,,
40.4,,,,
40.408,,,,
40.416,,,,
40.424,,,,
40.432,,,,
40.44,,,,
40.448,,,,
40.456,,,,
40.464,,,,
40.472,,,,
40.48,,,,
40.488,,,,
40.496,,,,
40.504,,,84.542,
40.512,,,,
40.52,,,,
40.528,,,,
40.536,,,,
40.544,,,,
40.552,,,,
40.56,,,,
40.568,,,,
40.576,,,,
40.584,,,,
40.592,,,,
40.6,,,,
40.608,,,,
40.616,,,,
40.624,,,,
40.632,,,,
40.64,,,,
40.648,,,,
40.656,,,,
40.664,,,,
40.672,,,,
40.68,,,,
40.688,,,,
40.696,,,,
40.704,,,,
40.712,,,,124.113
40.72,,,,
40.728,,,,
40.736,,,,
40.744,,,,
40.752,,,,
40.76,,,,
40.768,,,,
40.776,,,,
40.784,,,,
40.792,,,,
40.8,,,,
40.808,,,,
40.816,,,,
40.824,,,,
40.832,,,,
40.84,,,,
40.848,,,,
40.856,,,,
40.864,,,,
40.872,,,,
40.88,,,,
40.888,,,,
40.896,,,,
40.904,,,,
40.912,,,,
40.92,,,,
40.928,,,,
40.936,,,,
40.944,,,,
40.952,,,,
40.96,97.40259740259745,0.015999999999998238,,
40.968,,,,
40.976,,,,
40.984,,,,
40.992,,,,
41.0,,,,
41.008,,,,
41.016,,,,
41.024,,,,
41.032,,,,
41.04,,,,
41.048,,,,
41.056,,,,
41.064,,,,
41.072,,,,
41.08,,,,
41.088,,,,
41.096,,,,
41.104,,,,
41.112,,,,
41.12,,,,
41.128,,,,
41.136,,,,
41.144,,,,
41.152,,,,
41.16,,,,
41.168,,,,
41.176,,,,
41.184,,,,
41.192,,,,
41.2,,,,
41.208,,,81.173,
41.216,,,,
41.224,,,,
41.232,,,,
41.24,,,,
41.248,,,,
41.256,,,,
41.264,,,,
41.272,,,,
41.28,,,,
41.288,,,,
41.296,,,,
41.304,,,,
41.312,,,,
41.32,,,,
41.328,,,,
41.336,,,,116.538
41.344,,,,
41.352,,,,
41.36,,,,
41.368,,,,
41.376,,,,
41.384,,,,
41.392,,,,
41.4,,,,
41.408,,,,
41.416,,,,
41.424,,,,
41.432,,,,
41.44,,,,
41.448,,,,
41.456,,,,
41.464,,,,
41.472,,,,
41.48,,,,
41.488,,,,
41.496,,,,
41.504,,,,
41.512,,,,
41.52,,,,
41.528,,,,
41.536,,,,
41.544,,,,
41.552,,,,
41.56,,,,
41.568,,,,
41.576,97.40259740259745,0.015999999999998238,,
41.584,,,,
41.592,,,,
41.6,,,,
41.608,,,,
41.616,,,,
41.624,,,,
41.632,,,,
41.64,,,,
41.648,,,,
41.656,,,,
41.664,,,,
41.672,,,,
41.68,,,,
41.688,,,,
41.696,,,,
41.704,,,,
41.712,,,,
41.72,,,,
41.728,,,,
41.736,,,,
41.744,,,,
41.752,,,,
41.76,,,,
41.768,,,,
41.776,,,,
41.784,,,,
41.792,,,,
41.8,,,,
41.808,,,,
41.816,,,,
41.824,,,76.741,
41.832,,,,
41.84,,,,
41.848,,,,
41.856,,,,
41.864,,,,
41.872,,,,
41.88,,,,
41.888,,,,
41.896,,,,
41.904,,,,
41.912,,,,
41.92,,,,
41.928,,,,
41.936,,,,
41.944,,,,
41.952,,,,113.556
41.96,,,,
41.968,,,,
41.976,,,,
41.984,,,,
41.992,,,,
42.0,,,,
42.008,,,,
42.016,,,,
42.024,,,,
42.032,,,,
42.04,,,,
42.048,,,,
42.056,,,,
42.064,,,,
42.072,,,,
42.08,,,,
42.088,,,,
42.096,,,,
42.104,,,,
42.112,,,,
42.12,,,,
42.128,,,,
42.136,,,,
42.144,,,,
42.152,,,,
42.16,,,,
42.168,,,,
42.176,,,,
42.184,,,,
42.192,,,,
42.2,96.15384615384579,0.007999999999995566,,
42.208,,,,
42.216,,,,
42.224,,,,
42.232,,,,
42.24,,,,
42.248,,,,
42.256,,,,
42.264,,,,
42.272,,,,
42.28,,,,
42.288,,,,
42.296,,,,
42.304,,,,
42.312,,,,
42.32,,,,
42.328,,,,
42.336,,,,
42.344,,,,
42.352,,,,
42.36,,,,
42.368,,,,
42.376,,,,
42.384,,,,
42.392,,,,
42.4,,,,
42.408,,,,
42.416,,,,
42.424,,,,
42.432,,,75.564,
42.44,,,,
42.448,,,,
42.456,,,,
42.464,,,,
42.472,,,,
42.48,,,,
42.488,,,,
42.496,,,,
42.504,,,,
42.512,,,,
42.52,,,,
42.528,,,,
42.536,,,,
42.544,,,,
42.552,,,,
42.56,,,,
42.568,,,,117.618
42.576,,,,
42.584,,,,
42.592,,,,
42.6,,,,
42.608,,,,
42.616,,,,
42.624,,,,
42.632,,,,
42.64,,,,
42.648,,,,
42.656,,,,
42.664,,,,
42.672,,,,
42.68,,,,
42.688,,,,
42.696,,,,
42.704,,,,
42.712,,,,
42.72,,,,
42.728,,,,
42.736,,,,
42.744,,,,
42.752,,,,
42.76,,,,
42.768,,,,
42.776,,,,
42.784,,,,
42.792,,,,
42.8,,,,
42.808,,,,
42.816,97.40259740259745,0.007999999999995566,,
42.824,,,,
42.832,,,,
42.84,,,,
42.848,,,,
42.856,,,,
42.864,,,,
42.872,,,,
42.88,,,,
42.888,,,,
42.896,,,,
42.904,,,,
42.912,,,,
42.92,,,,
42.928,,,,
42.936,,,,
42.944,,,,
42.952,,,,
42.96,,,,
42.968,,,,
42.976,,,,
42.984,,,,
42.992,,,,
43.0,,,,
43.008,,,,
43.016,,,,
43.024,,,,
43.032,,,,
43.04,,,,
43.048,,,,
43.056,,,74.871,
43.064,,,,
43.072,,,,
43.08,,,,
43.088,,,,
43.096,,,,
43.104,,,,
43.112,,,,
43.12,,,,
43.128,,,,
43.136,,,,
43.144,,,,
43.152,,,,
43.16,,,,
43.168,,,,
43.176,,,,
43.184,,,,117.811
43.192,,,,
43.2,,,,
43.208,,,,
43.216,,,,
43.224,,,,
43.232,,,,
43.24,,,,
43.248,,,,
43.256,,,,
43.264,,,,
43.272,,,,
43.28,,,,
43.288,,,,
43.296,,,,
43.304,,,,
43.312,,,,
43.32,,,,
43.328,,,,
43.336,,,,
43.344,,,,
43.352,,,,
43.36,,,,
43.368,,,,
43.376,,,,
43.384,,,,
43.392,,,,
43.4,,,,
43.408,,,,
43.416,,,,
43.424,,,,
43.432,97.40259740259745,0.007999999999995566,,
43.44,,,,
43.448,,,,
43.456,,,,
43.464,,,,
43.472,,,,
43.48,,,,
43.488,,,,
43.496,,,,
43.504,,,,
43.512,,,,
43.52,,,,
43.528,,,,
43.536,,,,
43.544,,,,
43.552,,,,
43.56,,,,
43.568,,,,
43.576,,,,
43.584,,,,
43.592,,,,
43.6,,,,
43.608,,,,
43.616,,,,
43.624,,,,
43.632,,,,
43.64,,,,
43.648,,,,
43.656,,,,
43.664,,,,
43.672,,,,
43.68,,,74.097,
43.688,,,,
43.696,,,,
43.704,,,,
43.712,,,,
43.72,,,,
43.728,,,,
43.736,,,,
43.744,,,,
43.752,,,,
43.76,,,,
43.768,,,,
43.776,,,,
43.784,,,,
43.792,,,,
43.8,,,,
43.808,,,,113.217
43.816,,,,
43.824,,,,
43.832,,,,
43.84,,,,
43.848,,,,
43.856,,,,
43.864,,,,
43.872,,,,
43.88,,,,
43.888,,,,
43.896,,,,
43.904,,,,
43.912,,,,
43.92,,,,
43.928,,,,
43.936,,,,
43.944,,,,
43.952,,,,
43.96,,,,
43.968,,,,
43.976,,,,
43.984,,,,
43.992,,,,
44.0,,,,
44.008,,,,
44.016,,,,
44.024,,,,
44.032,,,,
44.04,,,,
44.048,,,,
44.056,,,,
44.064,94.93670886075981,,,
44.072,,,,
44.08,,,,
44.088,,,,
44.096,,,,
44.104,,,,
44.112,,,,
44.12,,,,
44.128,,,,
44.136,,,,
44.144,,,,
44.152,,,,
44.16,,,,
44.168,,,,
44.176,,,,
44.184,,,,
44.192,,,,
44.2,,,,
44.208,,,,
44.216,,,,
44.224,,,,
44.232,,,,
44.24,,,,
44.248,,,,
44.256,,,,
44.264,,,,
44.272,,,,
44.28,,,,
44.288,,,,
44.296,,,,
44.304,,,,
44.312,,,71.502,
44.32,,,,
44.328,,,,
44.336,,,,
44.344,,,,
44.352,,,,
44.36,,,,
44.368,,,,
44.376,,,,
44.384,,,,
44.392,,,,
44.4,,,,
44.408,,,,
44.416,,,,
44.424,,,,
44.432,,,,108.382
44.44,,,,
44.448,,,,
44.456,,,,
44.464,,,,
44.472,,,,
44.48,,,,
44.488,,,,
44.496,,,,
44.504,,,,
44.512,,,,
44.52,,,,
44.528,,,,
44.536,,,,
44.544,,,,
44.552,,,,
44.56,,,,
44.568,,,,
44.576,,,,
44.584,,,,
44.592,,,,
44.6,,,,
44.608,,,,
44.616,,,,
44.624,,,,
44.632,,,,
44.64,,,,
44.648,,,,
44.656,,,,
44.664,,,,
44.672,,,,
44.68,,,,
44.688,96.15384615384579,0.007999999999995566,,
44.696,,,,
44.704,,,,
44.712,,,,
44.72,,,,
44.728,,,,
44.736,,,,
44.744,,,,
44.752,,,,
44.76,,,,
44.768,,,,
44.776,,,,
44.784,,,,
44.792,,,,
44.8,,,,
44.808,,,,
44.816,,,,
44.824,,,,
44.832,,,,
44.84,,,,
44.848,,,,
44.856,,,,
44.864,,,,
44.872,,,,
44.88,,,,
44.888,,,,
44.896,,,,
44.904,,,,
44.912,,,,
44.92,,,,
44.928,,,,
44.936,,,69.939,
44.944,,,,
44.952,,,,
44.96,,,,
44.968,,,,
44.976,,,,
44.984,,,,
44.992,,,,
45.0,,,,
45.008,,,,
45.016,,,,
45.024,,,,
45.032,,,,
45.04,,,,
45.048,,,,
45.056,,,,111.122
45.064,,,,
45.072,,,,
45.08,,,,
45.088,,,,
45.096,,,,
45.104,,,,
45.112,,,,
45.12,,,,
45.128,,,,
45.136,,,,
45.144,,,,
45.152,,,,
45.16,,,,
45.168,,,,
45.176,,,,
45.184,,,,
45.192,,,,
45.2,,,,
45.208,,,,
45.216,,,,
45.224,,,,
45.232,,,,
45.24,,,,
45.248,,,,
45.256,,,,
45.264,,,,
45.272,,,,
45.28,,,,
45.288,,,,
45.296,,,,
45.304,,,,
45.312,96.15384615384689,0.008000000000002672,,
45.32,,,,
45.328,,,,
45.336,,,,
45.344,,,,
45.352,,,,
45.36,,,,
45.368,,,,
45.376,,,,
45.384,,,,
45.392,,,,
45.4,,,,
45.408,,,,
45.416,,,,
45.424,,,,
45.432,,,,
45.44,,,,
45.448,,,,
45.456,,,,
45.464,,,,
45.472,,,,
45.48,,,,
45.488,,,,
45.496,,,,
45.504,,,,
45.512,,,,
45.52,,,,
45.528,,,,
45.536,,,,
45.544,,,,
45.552,,,63.798,
45.56,,,,
45.568,,,,
45.576,,,,
45.584,,,,
45.592,,,,
45.6,,,,
45.608,,,,
45.616,,,,
45.624,,,,
45.632,,,,
45.64,,,,
45.648,,,,
45.656,,,,
45.664,,,,
45.672,,,,
45.68,,,,110.187
45.688,,,,
45.696,,,,
45.704,,,,
45.712,,,,
45.72,,,,
45.728,,,,
45.736,,,,
45.744,,,,
45.752,,,,
45.76,,,,
45.768,,,,
45.776,,,,
45.784,,,,
45.792,,,,
45.8,,,,
45.808,,,,
45.816,,,,
45.824,,,,
45.832,,,,
45.84,,,,
45.848,,,,
45.856,,,,
45.864,,,,
45.872,,,,
45.88,,,,
45.888,,,,
45.896,,,,
45.904,,,,
45.912,,,,
45.92,,,,
45.928,,,,
45.936,96.15384615384579,0.008000000000002672,,
45.944,,,,
45.952,,,,
45.96,,,,
45.968,,,,
45.976,,,,
45.984,,,,
45.992,,,,
46.0,,,,
46.008,,,,
46.016,,,,
46.024,,,,
46.032,,,,
46.04,,,,
46.048,,,,
46.056,,,,
46.064,,,,
46.072,,,,
46.08,,,,
46.088,,,,
46.096,,,,
46.104,,,,
46.112,,,,
46.12,,,,
46.128,,,,
46.136,,,,
46.144,,,,
46.152,,,,
46.16,,,,
46.168,,,,
46.176,,,,
46.184,,,60.864,
46.192,,,,
46.2,,,,
46.208,,,,
46.216,,,,
46.224,,,,
46.232,,,,
46.24,,,,
46.248,,,,
46.256,,,,
46.264,,,,
46.272,,,,
46.28,,,,
46.288,,,,
46.296,,,,
46.304,,,,106.818
46.312,,,,
46.32,,,,
46.328,,,,
46.336,,,,
46.344,,,,
46.352,,,,
46.36,,,,
46.368,,,,
46.376,,,,
46.384,,,,
46.392,,,,
46.4,,,,
46.408,,,,
46.416,,,,
46.424,,,,
46.432,,,,
46.44,,,,
46.448,,,,
46.456,,,,
46.464,,,,
46.472,,,,
46.48,,,,
46.488,,,,
46.496,,,,
46.504,,,,
46.512,,,,
46.52,,,,
46.528,,,,
46.536,,,,
46.544,,,,
46.552,,,,
46.56,96.15384615384579,,,
46.568,,,,
46.576,,,,
46.584,,,,
46.592,,,,
46.6,,,,
46.608,,,,
46.616,,,,
46.624,,,,
46.632,,,,
46.64,,,,
46.648,,,,
46.656,,,,
46.664,,,,
46.672,,,,
46.68,,,,
46.688,,,,
46.696,,,,
46.704,,,,
46.712,,,,
46.72,,,,
46.728,,,,
46.736,,,,
46.744,,,,
46.752,,,,
46.76,,,,
46.768,,,,
46.776,,,,
46.784,,,,
46.792,,,,
46.8,,,,
46.808,,,59.01,
46.816,,,,
46.824,,,,
46.832,,,,
46.84,,,,
46.848,,,,
46.856,,,,
46.864,,,,
46.872,,,,
46.88,,,,
46.888,,,,
46.896,,,,
46.904,,,,
46.912,,,,
46.92,,,,
46.928,,,,103.691
46.936,,,,
46.944,,,,
46.952,,,,
46.96,,,,
46.968,,,,
46.976,,,,
46.984,,,,
46.992,,,,
47.0,,,,
47.008,,,,
47.016,,,,
47.024,,,,
47.032,,,,
47.04,,,,
47.048,,,,
47.056,,,,
47.064,,,,
47.072,,,,
47.08,,,,
47.088,,,,
47.096,,,,
47.104,,,,
47.112,,,,
47.12,,,,
47.128,,,,
47.136,,,,
47.144,,,,
47.152,,,,
47.16,,,,
47.168,,,,
47.176,,,,
47.184,96.15384615384689,0.008000000000002672,,
47.192,,,,
47.2,,,,
47.208,,,,
47.216,,,,
47.224,,,,
47.232,,,,
47.24,,,,
47.248,,,,
47.256,,,,
47.264,,,,
47.272,,,,
47.28,,,,
47.288,,,,
47.296,,,,
47.304,,,,
47.312,,,,
47.32,,,,
47.328,,,,
47.336,,,,
47.344,,,,
47.352,,,,
47.36,,,,
47.368,,,,
47.376,,,,
47.384,,,,
47.392,,,,
47.4,,,,
47.408,,,,
47.416,,,,
47.424,,,,
47.432,,,,
47.44,,,54.368,
47.448,,,,
47.456,,,,
47.464,,,,
47.472,,,,
47.48,,,,
47.488,,,,
47.496,,,,
47.504,,,,
47.512,,,,
47.52,,,,
47.528,,,,
47.536,,,,
47.544,,,,
47.552,,,,
47.56,,,,97.598
47.568,,,,
47.576,,,,
47.584,,,,
47.592,,,,
47.6,,,,
47.608,,,,
47.616,,,,
47.624,,,,
47.632,,,,
47.64,,,,
47.648,,,,
47.656,,,,
47.664,,,,
47.672,,,,
47.68,,,,
47.688,,,,
47.696,,,,
47.704,,,,
47.712,,,,
47.72,,,,
47.728,,,,
47.736,,,,
47.744,,,,
47.752,,,,
47.76,,,,
47.768,,,,
47.776,,,,
47.784,,,,
47.792,,,,
47.8,,,,
47.808,96.15384615384579,0.015999999999998238,,
47.816,,,,
47.824,,,,
47.832,,,,
47.84,,,,
47.848,,,,
47.856,,,,
47.864,,,,
47.872,,,,
47.88,,,,
47.888,,,,
47.896,,,,
47.904,,,,
47.912,,,,
47.92,,,,
47.928,,,,
47.936,,,,
47.944,,,,
47.952,,,,
47.96,,,,
47.968,,,,
47.976,,,,
47.984,,,,
47.992,,,,
48.0,,,,
48.008,,,,
48.016,,,,
48.024,,,,
48.032,,,,
48.04,,,,
48.048,,,,
48.056,,,54.997,
48.064,,,,
48.072,,,,
48.08,,,,
48.088,,,,
48.096,,,,
48.104,,,,
48.112,,,,
48.12,,,,
48.128,,,,
48.136,,,,
48.144,,,,
48.152,,,,
48.16,,,,
48.168,,,,
48.176,,,,101.596
48.184,,,,
48.192,,,,
48.2,,,,
48.208,,,,
48.216,,,,
48.224,,,,
48.232,,,,
48.24,,,,
48.248,,,,
48.256,,,,
48.264,,,,
48.272,,,,
48.28,,,,
48.288,,,,
48.296,,,,
48.304,,,,
48.312,,,,
48.32,,,,
48.328,,,,
48.336,,,,
48.344,,,,
48.352,,,,
48.36,,,,
48.368,,,,
48.376,,,,
48.384,,,,
48.392,,,,
48.4,,,,
48.408,,,,
48.416,98.68421052631628,0.02400000000000091,,
48.424,,,,
48.432,,,,
48.44,,,,
48.448,,,,
48.456,,,,
48.464,,,,
48.472,,,,
48.48,,,,
48.488,,,,
48.496,,,,
48.504,,,,
48.512,,,,
48.52,,,,
48.528,,,,
48.536,,,,
48.544,,,,
48.552,,,,
48.56,,,,
48.568,,,,
48.576,,,,
48.584,,,,
48.592,,,,
48.6,,,,
48.608,,,,
48.616,,,,
48.624,,,,
48.632,,,,
48.64,,,,
48.648,,,,
48.656,,,,
48.664,,,59.446,
48.672,,,,
48.68,,,,
48.688,,,,
48.696,,,,
48.704,,,,
48.712,,,,
48.72,,,,
48.728,,,,
48.736,,,,
48.744,,,,
48.752,,,,
48.76,,,,
48.768,,,,
48.776,,,,
48.784,,,,109.558
48.792,,,,
48.8,,,,
48.808,,,,
48.816,,,,
48.824,,,,
48.832,,,,
48.84,,,,
48.848,,,,
48.856,,,,
48.864,,,,
48.872,,,,
48.88,,,,
48.888,,,,
48.896,,,,
48.904,,,,
48.912,,,,
48.92,,,,
48.928,,,,
48.936,,,,
48.944,,,,
48.952,,,,
48.96,,,,
48.968,,,,
48.976,,,,
48.984,,,,
48.992,,,,
49.0,,,,
49.008,,,,
49.016,,,,
49.024,,,,
49.032,97.40259740259745,0.008000000000002672,,
49.04,,,,
49.048,,,,
49.056,,,,
49.064,,,,
49.072,,,,
49.08,,,,
49.088,,,,
49.096,,,,
49.104,,,,
49.112,,,,
49.12,,,,
49.128,,,,
49.136,,,,
49.144,,,,
49.152,,,,
49.16,,,,
49.168,,,,
49.176,,,,
49.184,,,,
49.192,,,,
49.2,,,,
49.208,,,,
49.216,,,,
49.224,,,,
49.232,,,,
49.24,,,,
49.248,,,,
49.256,,,,
49.264,,,,
49.272,,,60.671,
49.28,,,,
49.288,,,,
49.296,,,,
49.304,,,,
49.312,,,,
49.32,,,,
49.328,,,,
49.336,,,,
49.344,,,,
49.352,,,,
49.36,,,,
49.368,,,,
49.376,,,,
49.384,,,,
49.392,,,,112.041
49.4,,,,
49.408,,,,
49.416,,,,
49.424,,,,
49.432,,,,
49.44,,,,
49.448,,,,
49.456,,,,
49.464,,,,
49.472,,,,
49.48,,,,
49.488,,,,
49.496,,,,
49.504,,,,
49.512,,,,
49.52,,,,
49.528,,,,
49.536,,,,
49.544,,,,
49.552,,,,
49.56,,,,
49.568,,,,
49.576,,,,
49.584,,,,
49.592,,,,
49.6,,,,
49.608,,,,
49.616,,,,
49.624,,,,
49.632,99.99999999999976,0.02400000000000091,,
49.64,,,,
49.648,,,,
49.656,,,,
49.664,,,,
49.672,,,,
49.68,,,,
49.688,,,,
49.696,,,,
49.704,,,,
49.712,,,,
49.72,,,,
49.728,,,,
49.736,,,,
49.744,,,,
49.752,,,,
49.76,,,,
49.768,,,,
49.776,,,,
49.784,,,,
49.792,,,,
49.8,,,,
49.808,,,,
49.816,,,,
49.824,,,,
49.832,,,,
49.84,,,,
49.848,,,,
49.856,,,,
49.864,,,,
49.872,,,,
49.88,,,,
49.888,,,57.882,
49.896,,,,
49.904,,,,
49.912,,,,
49.92,,,,
49.928,,,,
49.936,,,,
49.944,,,,
49.952,,,,
49.96,,,,
49.968,,,,
49.976,,,,
49.984,,,,
49.992,,,,
50.0,,,,
50.008,,,,105.11
50.016,,,,
50.024,,,,
50.032,,,,
50.04,,,,
50.048,,,,
50.056,,,,
50.064,,,,
50.072,,,,
50.08,,,,
50.088,,,,
50.096,,,,
50.104,,,,
50.112,,,,
50.12,,,,
50.128,,,,
50.136,,,,
50.144,,,,
50.152,,,,
50.16,,,,
50.168,,,,
50.176,,,,
50.184,,,,
50.192,,,,
50.2,,,,
50.208,,,,
50.216,,,,
50.224,,,,
50.232,,,,
50.24,,,,
50.248,97.40259740259745,0.02400000000000091,,
50.256,,,,
50.264,,,,
50.272,,,,
50.28,,,,
50.288,,,,
50.296,,,,
50.304,,,,
50.312,,,,
50.32,,,,
50.328,,,,
50.336,,,,
50.344,,,,
50.352,,,,
50.36,,,,
50.368,,,,
50.376,,,,
50.384,,,,
50.392,,,,
50.4,,,,
50.408,,,,
50.416,,,,
50.424,,,,
50.432,,,,
50.44,,,,
50.448,,,,
50.456,,,,
50.464,,,,
50.472,,,,
50.48,,,,
50.488,,,,
50.496,,,61.348,
50.504,,,,
50.512,,,,
50.52,,,,
50.528,,,,
50.536,,,,
50.544,,,,
50.552,,,,
50.56,,,,
50.568,,,,
50.576,,,,
50.584,,,,
50.592,,,,
50.6,,,,
50.608,,,,
50.616,,,,
50.624,,,,
50.632,,,,
50.64,,,,
50.648,,,,
50.656,,,,
50.664,,,,
50.672,,,,
50.68,,,,
50.688,,,,
50.696,,,,
50.704,,,,
50.712,,,,
50.72,,,,
50.728,,,,
50.736,,,,
50.744,,,,
50.752,,,,
50.76,,,,
50.768,,,,
50.776,,,,
50.784,,,,166.07
50.792,,,,
50.8,,,,
50.808,,,,
50.816,,,,
50.824,,,,
50.832,,,,
50.84,,,,
50.848,,,,
50.856,,,,
50.864,97.40259740259745,,,
50.872,,,,
50.88,,,,
50.888,,,,
50.896,,,,
50.904,,,,
50.912,,,,
50.92,,,,
50.928,,,,
50.936,,,,
50.944,,,,
50.952,,,,
50.96,,,,
50.968,,,,
50.976,,,,
50.984,,,,
50.992,,,,
51.0,,,,
51.008,,,,
51.016,,,,
51.024,,,,
51.032,,,,
51.04,,,49.387,
51.048,,,,
51.056,,,,
51.064,,,,
51.072,,,,
51.08,,,,
51.088,,,,
51.096,,,,
51.104,,,,
51.112,,,,
51.12,,,,
51.128,,,,
51.136,,,,
51.144,,,,
51.152,,,,
51.16,,,,
51.168,,,,
51.176,,,,
51.184,,,,
51.192,,,,
51.2,,,,
51.208,,,,
51.216,,,,
51.224,,,,
51.232,,,,
51.24,,,,
51.248,,,,
51.256,,,,
51.264,,,,
51.272,,,,
51.28,,,,
51.288,,,,
51.296,,,,
51.304,,,,
51.312,,,,
51.32,,,,
51.328,,,,133.108
51.336,,,,
51.344,,,,
51.352,,,,
51.36,,,,
51.368,,,,
51.376,,,,
51.384,,,,
51.392,,,,
51.4,,,,
51.408,,,,
51.416,,,,
51.424,,,,
51.432,,,,
51.44,,,,
51.448,,,,
51.456,,,,
51.464,,,,
51.472,98.68421052631513,0.031999999999996476,,
51.48,,,,
51.488,,,,
51.496,,,,
51.504,,,,
51.512,,,,
51.52,,,,
51.528,,,,
51.536,,,,
51.544,,,,
51.552,,,,
51.56,,,,
51.568,,,,
51.576,,,51.193,
51.584,,,,
51.592,,,,
51.6,,,,
51.608,,,,
51.616,,,,
51.624,,,,
51.632,,,,
51.64,,,,
51.648,,,,
51.656,,,,
51.664,,,,
51.672,,,,
51.68,,,,
51.688,,,,
51.696,,,,
51.704,,,,
51.712,,,,
51.72,,,,
51.728,,,,
51.736,,,,
51.744,,,,
51.752,,,,
51.76,,,,
51.768,,,,
51.776,,,,
51.784,,,,
51.792,,,,
51.8,,,,
51.808,,,,
51.816,,,,
51.824,,,,
51.832,,,,
51.84,,,,
51.848,,,,101.692
51.856,,,,
51.864,,,,
51.872,,,,
51.88,,,,
51.888,,,,
51.896,,,,
51.904,,,,
51.912,,,,
51.92,,,,
51.928,,,,
51.936,,,,
51.944,,,,
51.952,,,,
51.96,,,,
51.968,,,,
51.976,,,,
51.984,,,,
51.992,,,,
52.0,,,,
52.008,,,,
52.016,,,,
52.024,,,,
52.032,,,,
52.04,,,,
52.048,,,,
52.056,,,,
52.064,,,,
52.072,,,,
52.08,,,,
52.088,,,,
52.096,96.15384615384689,0.016000000000005343,,
52.104,,,,
52.112,,,,
52.12,,,,
52.128,,,,
52.136,,,,
52.144,,,,
52.152,,,,
52.16,,,,
52.168,,,,
52.176,,,,
52.184,,,,
52.192,,,,
52.2,,,,
52.208,,,,
52.216,,,,
52.224,,,,
52.232,,,,
52.24,,,,
52.248,,,,
52.256,,,,
52.264,,,,
52.272,,,,
52.28,,,,
52.288,,,,
52.296,,,,
52.304,,,,
52.312,,,,
52.32,,,,
52.328,,,,
52.336,,,,
52.344,,,,
52.352,,,52.402,
52.36,,,,
52.368,,,,
52.376,,,,
52.384,,,,
52.392,,,,
52.4,,,,
52.408,,,,
52.416,,,,
52.424,,,,
52.432,,,,
52.44,,,,
52.448,,,,
52.456,,,,
52.464,,,,
52.472,,,,102.579
52.48,,,,
52.488,,,,
52.496,,,,
52.504,,,,
52.512,,,,
52.52,,,,
52.528,,,,
52.536,,,,
52.544,,,,
52.552,,,,
52.56,,,,
52.568,,,,
52.576,,,,
52.584,,,,
52.592,,,,
52.6,,,,
52.608,,,,
52.616,,,,
52.624,,,,
52.632,,,,
52.64,,,,
52.648,,,,
52.656,,,,
52.664,,,,
52.672,,,,
52.68,,,,
52.688,,,,
52.696,,,,
52.704,,,,
52.712,97.40259740259633,0.023999999999993804,,
52.72,,,,
52.728,,,,
52.736,,,,
52.744,,,,
52.752,,,,
52.76,,,,
52.768,,,,
52.776,,,,
52.784,,,,
52.792,,,,
52.8,,,,
52.808,,,,
52.816,,,,
52.824,,,,
52.832,,,,
52.84,,,,
52.848,,,,
52.856,,,,
52.864,,,,
52.872,,,,
52.88,,,,
52.888,,,,
52.896,,,,
52.904,,,,
52.912,,,,
52.92,,,,
52.928,,,,
52.936,,,,
52.944,,,,
52.952,,,,
52.96,,,53.53,
52.968,,,,
52.976,,,,
52.984,,,,
52.992,,,,
53.0,,,,
53.008,,,,
53.016,,,,
53.024,,,,
53.032,,,,
53.04,,,,
53.048,,,,
53.056,,,,
53.064,,,,
53.072,,,,
53.08,,,,
53.088,,,,109.365
53.096,,,,
53.104,,,,
53.112,,,,
53.12,,,,
53.128,,,,
53.136,,,,
53.144,,,,
53.152,,,,
53.16,,,,
53.168,,,,
53.176,,,,
53.184,,,,
53.192,,,,
53.2,,,,
53.208,,,,
53.216,,,,
53.224,,,,
53.232,,,,
53.24,,,,
53.248,,,,
53.256,,,,
53.264,,,,
53.272,,,,
53.28,,,,
53.288,,,,
53.296,,,,
53.304,,,,
53.312,,,,
53.32,,,,
53.328,97.40259740259745,0.015999999999998238,,
53.336,,,,
53.344,,,,
53.352,,,,
53.36,,,,
53.368,,,,
53.376,,,,
53.384,,,,
53.392,,,,
53.4,,,,
53.408,,,,
53.416,,,,
53.424,,,,
53.432,,,,
53.44,,,,
53.448,,,,
53.456,,,,
53.464,,,,
53.472,,,,
53.48,,,,
53.488,,,,
53.496,,,,
53.504,,,,
53.512,,,,
53.52,,,,
53.528,,,,
53.536,,,,
53.544,,,,
53.552,,,,
53.56,,,,
53.568,,,,
53.576,,,56.802,
53.584,,,,
53.592,,,,
53.6,,,,
53.608,,,,
53.616,,,,
53.624,,,,
53.632,,,,
53.64,,,,
53.648,,,,
53.656,,,,
53.664,,,,
53.672,,,,
53.68,,,,
53.688,,,,
53.696,,,,114.201
53.704,,,,
53.712,,,,
53.72,,,,
53.728,,,,
53.736,,,,
53.744,,,,
53.752,,,,
53.76,,,,
53.768,,,,
53.776,,,,
53.784,,,,
53.792,,,,
53.8,,,,
53.808,,,,
53.816,,,,
53.824,,,,
53.832,,,,
53.84,,,,
53.848,,,,
53.856,,,,
53.864,,,,
53.872,,,,
53.88,,,,
53.888,,,,
53.896,,,,
53.904,,,,
53.912,,,,
53.92,,,,
53.928,,,,
53.936,98.68421052631628,0.03200000000000358,,
53.944,,,,
53.952,,,,
53.96,,,,
53.968,,,,
53.976,,,,
53.984,,,,
53.992,,,,
54.0,,,,
54.008,,,,
54.016,,,,
54.024,,,,
54.032,,,,
54.04,,,,
54.048,,,,
54.056,,,,
54.064,,,,
54.072,,,,
54.08,,,,
54.088,,,,
54.096,,,,
54.104,,,,
54.112,,,,
54.12,,,,
54.128,,,,
54.136,,,,
54.144,,,,
54.152,,,,
54.16,,,,
54.168,,,,
54.176,,,,
54.184,,,57.737,
54.192,,,,
54.2,,,,
54.208,,,,
54.216,,,,
54.224,,,,
54.232,,,,
54.24,,,,
54.248,,,,
54.256,,,,
54.264,,,,
54.272,,,,
54.28,,,,
54.288,,,,
54.296,,,,
54.304,,,,114.297
54.312,,,,
54.32,,,,
54.328,,,,
54.336,,,,
54.344,,,,
54.352,,,,
54.36,,,,
54.368,,,,
54.376,,,,
54.384,,,,
54.392,,,,
54.4,,,,
54.408,,,,
54.416,,,,
54.424,,,,
54.432,,,,
54.44,,,,
54.448,,,,
54.456,,,,
54.464,,,,
54.472,,,,
54.48,,,,
54.488,,,,
54.496,,,,
54.504,,,,
54.512,,,,
54.52,,,,
54.528,,,,
54.536,,,,
54.544,98.68421052631628,0.02400000000000091,,
54.552,,,,
54.56,,,,
54.568,,,,
54.576,,,,
54.584,,,,
54.592,,,,
54.6,,,,
54.608,,,,
54.616,,,,
54.624,,,,
54.632,,,,
54.64,,,,
54.648,,,,
54.656,,,,
54.664,,,,
54.672,,,,
54.68,,,,
54.688,,,,
54.696,,,,
54.704,,,,
54.712,,,,
54.72,,,,
54.728,,,,
54.736,,,,
54.744,,,,
54.752,,,,
54.76,,,,
54.768,,,,
54.776,,,,
54.784,,,,
54.792,,,,
54.8,,,54.658,
54.808,,,,
54.816,,,,
54.824,,,,
54.832,,,,
54.84,,,,
54.848,,,,
54.856,,,,
54.864,,,,
54.872,,,,
54.88,,,,
54.888,,,,
54.896,,,,
54.904,,,,
54.912,,,,
54.92,,,,108.237
54.928,,,,
54.936,,,,
54.944,,,,
54.952,,,,
54.96,,,,
54.968,,,,
54.976,,,,
54.984,,,,
54.992,,,,
55.0,,,,
55.008,,,,
55.016,,,,
55.024,,,,
55.032,,,,
55.04,,,,
55.048,,,,
55.056,,,,
55.064,,,,
55.072,,,,
55.08,,,,
55.088,,,,
55.096,,,,
55.104,,,,
55.112,,,,
55.12,,,,
55.128,,,,
55.136,,,,
55.144,99.99999999999976,0.06400000000000006,,
55.152,,,,
55.16,,,,
55.168,,,,
55.176,,,,
55.184,,,,
55.192,,,,
55.2,,,,
55.208,,,,
55.216,,,,
55.224,,,,
55.232,,,,
55.24,,,,
55.248,,,,
55.256,,,,
55.264,,,,
55.272,,,,
55.28,,,,
55.288,,,,
55.296,,,,
55.304,,,,
55.312,,,,
55.32,,,,
55.328,,,,
55.336,,,,
55.344,,,,
55.352,,,,
55.36,,,,
55.368,,,,
55.376,,,,
55.384,,,,
55.392,,,,
55.4,,,56.609,
55.408,,,,
55.416,,,,
55.424,,,,
55.432,,,,
55.44,,,,
55.448,,,,
55.456,,,,
55.464,,,,
55.472,,,,
55.48,,,,
55.488,,,,
55.496,,,,
55.504,,,,
55.512,,,,
55.52,,,,110.235
55.528,,,,
55.536,,,,
55.544,,,,
55.552,,,,
55.56,,,,
55.568,,,,
55.576,,,,
55.584,,,,
55.592,,,,
55.6,,,,
55.608,,,,
55.616,,,,
55.624,,,,
55.632,,,,
55.64,,,,
55.648,,,,
55.656,,,,
55.664,,,,
55.672,,,,
55.68,,,,
55.688,,,,
55.696,,,,
55.704,,,,
55.712,,,,
55.72,,,,
55.728,,,,
55.736,,,,
55.744,,,,
55.752,98.68421052631513,0.031999999999996476,,
55.76,,,,
55.768,,,,
55.776,,,,
55.784,,,,
55.792,,,,
55.8,,,,
55.808,,,,
55.816,,,,
55.824,,,,
55.832,,,,
55.84,,,,
55.848,,,,
55.856,,,,
55.864,,,,
55.872,,,,
55.88,,,,
55.888,,,,
55.896,,,,
55.904,,,,
55.912,,,,
55.92,,,,
55.928,,,,
55.936,,,,
55.944,,,,
55.952,,,,
55.96,,,,
55.968,,,,
55.976,,,,
55.984,,,,
55.992,,,58.172,
56.0,,,,
56.008,,,,
56.016,,,,
56.024,,,,
56.032,,,,
56.04,,,,
56.048,,,,
56.056,,,,
56.064,,,,
56.072,,,,
56.08,,,,
56.088,,,,
56.096,,,,
56.104,,,,
56.112,,,,
56.12,,,,118.44
56.128,,,,
56.136,,,,
56.144,,,,
56.152,,,,
56.16,,,,
56.168,,,,
56.176,,,,
56.184,,,,
56.192,,,,
56.2,,,,
56.208,,,,
56.216,,,,
56.224,,,,
56.232,,,,
56.24,,,,
56.248,,,,
56.256,,,,
56.264,,,,
56.272,,,,
56.28,,,,
56.288,,,,
56.296,,,,
56.304,,,,
56.312,,,,
56.32,,,,
56.328,,,,
56.336,,,,
56.344,101.35135135135157,0.03999999999999915,,
56.352,,,,
56.36,,,,
56.368,,,,
56.376,,,,
56.384,,,,
56.392,,,,
56.4,,,,
56.408,,,,
56.416,,,,
56.424,,,,
56.432,,,,
56.44,,,,
56.448,,,,
56.456,,,,
56.464,,,,
56.472,,,,
56.48,,,,
56.488,,,,
56.496,,,,
56.504,,,,
56.512,,,,
56.52,,,,
56.528,,,,
56.536,,,,
56.544,,,,
56.552,,,,
56.56,,,,
56.568,,,,
56.576,,,,
56.584,,,,
56.592,,,61.299,
56.6,,,,
56.608,,,,
56.616,,,,
56.624,,,,
56.632,,,,
56.64,,,,
56.648,,,,
56.656,,,,
56.664,,,,
56.672,,,,
56.68,,,,
56.688,,,,
56.696,,,,
56.704,,,,
56.712,,,,
56.72,,,,123.13
56.728,,,,
56.736,,,,
56.744,,,,
56.752,,,,
56.76,,,,
56.768,,,,
56.776,,,,
56.784,,,,
56.792,,,,
56.8,,,,
56.808,,,,
56.816,,,,
56.824,,,,
56.832,,,,
56.84,,,,
56.848,,,,
56.856,,,,
56.864,,,,
56.872,,,,
56.88,,,,
56.888,,,,
56.896,,,,
56.904,,,,
56.912,,,,
56.92,,,,
56.928,,,,
56.936,,,,
56.944,,,,
56.952,98.68421052631628,0.03200000000000358,,
56.96,,,,
56.968,,,,
56.976,,,,
56.984,,,,
56.992,,,,
57.0,,,,
57.008,,,,
57.016,,,,
57.024,,,,
57.032,,,,
57.04,,,,
57.048,,,,
57.056,,,,
57.064,,,,
57.072,,,,
57.08,,,,
57.088,,,,
57.096,,,,
57.104,,,,
57.112,,,,
57.12,,,,
57.128,,,,
57.136,,,,
57.144,,,,
57.152,,,,
57.16,,,,
57.168,,,,
57.176,,,,
57.184,,,,
57.192,,,,
57.2,,,,
57.208,,,57.785,
57.216,,,,
57.224,,,,
57.232,,,,
57.24,,,,
57.248,,,,
57.256,,,,
57.264,,,,
57.272,,,,
57.28,,,,
57.288,,,,
57.296,,,,
57.304,,,,
57.312,,,,
57.32,,,,
57.328,,,,112.54
57.336,,,,
57.344,,,,
57.352,,,,
57.36,,,,
57.368,,,,
57.376,,,,
57.384,,,,
57.392,,,,
57.4,,,,
57.408,,,,
57.416,,,,
57.424,,,,
57.432,,,,
57.44,,,,
57.448,,,,
57.456,,,,
57.464,,,,
57.472,,,,
57.48,,,,
57.488,,,,
57.496,,,,
57.504,,,,
57.512,,,,
57.52,,,,
57.528,,,,
57.536,,,,
57.544,,,,
57.552,,,,
57.56,98.68421052631513,0.031999999999996476,,
57.568,,,,
57.576,,,,
57.584,,,,
57.592,,,,
57.6,,,,
57.608,,,,
57.616,,,,
57.624,,,,
57.632,,,,
57.64,,,,
57.648,,,,
57.656,,,,
57.664,,,,
57.672,,,,
57.68,,,,
57.688,,,,
57.696,,,,
57.704,,,,
57.712,,,,
57.72,,,,
57.728,,,,
57.736,,,,
57.744,,,,
57.752,,,,
57.76,,,,
57.768,,,,
57.776,,,,
57.784,,,,
57.792,,,,
57.8,,,,
57.808,,,,
57.816,,,,
57.824,,,57.237,
57.832,,,,
57.84,,,,
57.848,,,,
57.856,,,,
57.864,,,,
57.872,,,,
57.88,,,,
57.888,,,,
57.896,,,,
57.904,,,,
57.912,,,,
57.92,,,,
57.928,,,,
57.936,,,,108.72
57.944,,,,
57.952,,,,
57.96,,,,
57.968,,,,
57.976,,,,
57.984,,,,
57.992,,,,
58.0,,,,
58.008,,,,
58.016,,,,
58.024,,,,
58.032,,,,
58.04,,,,
58.048,,,,
58.056,,,,
58.064,,,,
58.072,,,,
58.08,,,,
58.088,,,,
58.096,,,,
58.104,,,,
58.112,,,,
58.12,,,,
58.128,,,,
58.136,,,,
58.144,,,,
58.152,,,,
58.16,,,,
58.168,,,,
58.176,97.40259740259745,0.02400000000000091,,
58.184,,,,
58.192,,,,
58.2,,,,
58.208,,,,
58.216,,,,
58.224,,,,
58.232,,,,
58.24,,,,
58.248,,,,
58.256,,,,
58.264,,,,
58.272,,,,
58.28,,,,
58.288,,,,
58.296,,,,
58.304,,,,
58.312,,,,
58.32,,,,
58.328,,,,
58.336,,,,
58.344,,,,
58.352,,,,
58.36,,,,
58.368,,,,
58.376,,,,
58.384,,,,
58.392,,,,
58.4,,,,
58.408,,,,
58.416,,,,
58.424,,,59.446,
58.432,,,,
58.44,,,,
58.448,,,,
58.456,,,,
58.464,,,,
58.472,,,,
58.48,,,,
58.488,,,,
58.496,,,,
58.504,,,,
58.512,,,,
58.52,,,,
58.528,,,,
58.536,,,,
58.544,,,,
58.552,,,,113.556
58.56,,,,
58.568,,,,
58.576,,,,
58.584,,,,
58.592,,,,
58.6,,,,
58.608,,,,
58.616,,,,
58.624,,,,
58.632,,,,
58.64,,,,
58.648,,,,
58.656,,,,
58.664,,,,
58.672,,,,
58.68,,,,
58.688,,,,
58.696,,,,
58.704,,,,
58.712,,,,
58.72,,,,
58.728,,,,
58.736,,,,
58.744,,,,
58.752,,,,
58.76,,,,
58.768,,,,
58.776,,,,
58.784,,,,
58.792,,,,
58.8,96.15384615384689,0.016000000000005343,,
58.808,,,,
58.816,,,,
58.824,,,,
58.832,,,,
58.84,,,,
58.848,,,,
58.856,,,,
58.864,,,,
58.872,,,,
58.88,,,,
58.888,,,,
58.896,,,,
58.904,,,,
58.912,,,,
58.92,,,,
58.928,,,,
58.936,,,,
58.944,,,,
58.952,,,,
58.96,,,,
58.968,,,,
58.976,,,,
58.984,,,,
58.992,,,,
59.0,,,,
59.008,,,,
59.016,,,,
59.024,,,,
59.032,,,,
59.04,,,61.541,
59.048,,,,
59.056,,,,
59.064,,,,
59.072,,,,
59.08,,,,
59.088,,,,
59.096,,,,
59.104,,,,
59.112,,,,
59.12,,,,
59.128,,,,
59.136,,,,
59.144,,,,
59.152,,,,
59.16,,,,
59.168,,,,122.066
59.176,,,,
59.184,,,,
59.192,,,,
59.2,,,,
59.208,,,,
59.216,,,,
59.224,,,,
59.232,,,,
59.24,,,,
59.248,,,,
59.256,,,,
59.264,,,,
59.272,,,,
59.28,,,,
59.288,,,,
59.296,,,,
59.304,,,,
59.312,,,,
59.32,,,,
59.328,,,,
59.336,,,,
59.344,,,,
59.352,,,,
59.36,,,,
59.368,,,,
59.376,,,,
59.384,,,,
59.392,,,,
59.4,,,,
59.408,,,,
59.416,97.40259740259745,0.016000000000005343,,
59.424,,,,
59.432,,,,
59.44,,,,
59.448,,,,
59.456,,,,
59.464,,,,
59.472,,,,
59.48,,,,
59.488,,,,
59.496,,,,
59.504,,,,
59.512,,,,
59.52,,,,
59.528,,,,
59.536,,,,
59.544,,,,
59.552,,,,
59.56,,,,
59.568,,,,
59.576,,,,
59.584,,,,
59.592,,,,
59.6,,,,
59.608,,,,
59.616,,,,
59.624,,,,
59.632,,,,
59.64,,,,
59.648,,,,
59.656,,,,
59.664,,,,
59.672,,,61.299,
59.68,,,,
59.688,,,,
59.696,,,,
59.704,,,,
59.712,,,,
59.72,,,,
59.728,,,,
59.736,,,,
59.744,,,,
59.752,,,,
59.76,,,,
59.768,,,,
59.776,,,,
59.784,,,,
59.792,,,,115.571
59.8,,,,
59.808,,,,
59.816,,,,
59.824,,,,
59.832,,,,
59.84,,,,
59.848,,,,
59.856,,,,
59.864,,,,
59.872,,,,
59.88,,,,
59.888,,,,
59.896,,,,
59.904,,,,
59.912,,,,
59.92,,,,
